134210,114910,6,92,134210,114910,26,2
2594275,1082732,6,131,2594275,1082732,234440,2
501129,355021,5,76,501129,355021,22440,1
629651,295730,5,70,629651,295730,32819,2
489516,397090,6,125,489516,397090,159965,1
4241,2285,1,1,4241,2285,1489,2
149515,119679,5,52,149515,119679,2802,1
1265035,721728,6,128,1265035,721728,70666,1
327108,184461,6,12,327108,184461,33997,1
1743756,724951,6,118,1743756,724951,141165,2
181054,144843,6,99,181054,144843,45,2
314,312,3,44,314,312,1,1
1329240,943684,6,131,1329240,943684,204634,1
82,82,3,14,82,82,1,1
789727,415481,1,128,789727,415481,181676,2
41582,19302,5,1,41582,19302,9297,2
63973,56059,4,123,63973,56059,54094,1
1881129,753126,5,131,1881129,753126,232917,2
781051,425148,6,34,781051,425148,57014,1
1265035,721728,6,128,1265035,721728,70666,1
1259952,634241,5,131,1259952,634241,225153,2
186839,108495,6,11,186839,108495,32864,1
517365,170641,1,39,517365,170641,43640,2
75316,31136,6,1,75316,31136,20611,2
215415,141558,1,67,215415,141558,3173,1
1699850,693531,6,37,1699850,693531,194188,2
54,53,2,2,54,53,1,2
1260575,718218,6,128,1260575,718218,70528,1
467890,403755,6,128,467890,403755,8067,1
603461,424497,5,83,603461,424497,26984,1
2044847,841705,6,56,2044847,841705,214288,2
1872400,751635,5,131,1872400,751635,232911,2
52519,20674,6,1,52519,20674,14674,2
380791,188444,6,10,380791,188444,88825,2
1527633,606138,5,121,1527633,606138,174533,2
25,25,1,13,25,25,1,1
902361,663846,5,131,902361,663846,203026,1
46671,18433,6,1,46671,18433,13127,2
561314,229019,5,13,561314,229019,121512,2
69415,28883,5,1,69415,28883,28833,2
538112,222132,1,89,538112,222132,40995,2
733717,415594,6,127,733717,415594,69105,1
1534357,740224,6,128,1534357,740224,14571,2
58710,35021,1,5,58710,35021,1370,1
17585,14763,5,1,17585,14763,2222,1
1329240,943684,6,131,1329240,943684,204634,1
1100901,517501,4,82,1100901,517501,60377,2
311137,211966,6,12,311137,211966,105049,2
440,440,4,6,440,440,1,1
68168,66889,6,92,68168,66889,134,1
209143,90644,1,7,209143,90644,6556,2
334531,208301,6,12,334531,208301,102900,2
360,360,3,33,360,360,1,1
131347,87462,1,112,131347,87462,25666,1
1008431,525317,6,124,1008431,525317,5221,2
1006981,554516,6,128,1006981,554516,70508,1
1660029,858429,6,131,1660029,858429,230944,2
735218,250673,1,40,735218,250673,152813,2
782330,315689,5,17,782330,315689,148259,2
1404938,587646,6,113,1404938,587646,102698,2
1300237,484285,1,131,1300237,484285,188036,2
10,5,2,1,10,5,1,2
326727,187617,6,15,326727,187617,43500,1
1842103,765659,6,119,1842103,765659,151962,2
4738,1724,1,1,4738,1724,897,1
1656684,688718,6,117,1656684,688718,131129,2
446064,384224,6,128,446064,384224,7255,1
36196,22857,6,6,36196,22857,18143,1
11806,6218,6,1,11806,6218,2842,1
933467,533757,6,116,933467,533757,46968,1
5367,5321,6,1,5367,5321,87,1
158408,88377,1,51,158408,88377,27335,2
52,52,1,1,52,52,1,1
2,2,1,1,2,2,1,1
414230,197404,1,60,414230,197404,6049,2
282414,200365,4,125,282414,200365,57631,1
1519354,817717,6,131,1519354,817717,227504,2
214209,163592,6,11,214209,163592,82045,1
48109,31720,6,1,48109,31720,20554,1
17545,7389,6,1,17545,7389,4463,2
937975,349060,1,118,937975,349060,110901,2
55820,53344,4,61,55820,53344,10443,1
1265035,721728,6,128,1265035,721728,70666,1
27487,12383,1,1,27487,12383,972,2
37030,24231,6,1,37030,24231,16254,1
1,1,1,1,1,1,1,1
462598,190032,1,128,462598,190032,5881,2
713146,329606,1,70,713146,329606,12379,2
6892,5983,1,4,6892,5983,1942,1
20,20,1,13,20,20,1,1
114166,46709,6,1,114166,46709,29835,2
6,6,1,6,6,6,1,1
1493374,565231,2,131,1493374,565231,206197,2
53458,24680,5,1,53458,24680,10188,2
951628,627233,6,44,951628,627233,178445,1
377346,211972,6,13,377346,211972,37167,1
1238,1197,3,1,1238,1197,140,1
418508,171679,5,11,418508,171679,101436,2
501306,357344,6,118,501306,357344,1372,1
222714,190761,6,100,222714,190761,157,1
83720,71489,6,92,83720,71489,18,2
15,14,2,1,15,14,1,1
1,1,1,1,1,1,1,1
877796,327767,1,116,877796,327767,97095,2
41438,16526,6,1,41438,16526,11700,2
259665,145703,5,13,259665,145703,36962,1
373024,319962,6,108,373024,319962,5527,1
64686,28287,5,1,64686,28287,10704,2
634474,274586,6,81,634474,274586,32974,2
125800,52195,6,1,125800,52195,31679,2
1211542,500086,6,19,1211542,500086,157761,2
9219,9215,1,45,9219,9215,7,1
61181,43614,5,6,61181,43614,13829,2
801014,460931,6,113,801014,460931,38049,1
2,2,1,2,2,2,2,1
87197,42526,1,18,87197,42526,740,2
522326,218381,6,10,522326,218381,90003,2
1027902,517302,6,118,1027902,517302,7324,2
974054,418684,6,99,974054,418684,60050,2
7352,6734,1,1,7352,6734,401,1
111083,64916,5,9,111083,64916,21842,1
221314,168826,5,62,221314,168826,8817,1
201734,124930,1,29,201734,124930,2787,1
105325,43942,6,1,105325,43942,28980,2
102907,78297,2,32,102907,78297,1298,1
75904,32543,1,7,75904,32543,33326,2
6310,3036,6,5,6310,3036,3788,2
412490,173741,1,113,412490,173741,4821,2
971101,648438,6,127,971101,648438,216976,2
799143,454365,6,124,799143,454365,1819,2
2931,2188,5,1,2931,2188,111,2
1248140,499141,5,117,1248140,499141,94396,2
528880,352280,6,15,528880,352280,123219,1
156163,77633,1,31,156163,77633,3079,2
36502,13185,5,1,36502,13185,12824,2
407449,172288,6,9,407449,172288,75437,2
729510,517862,6,73,729510,517862,195062,2
2516364,1045339,6,125,2516364,1045339,226321,2
2439236,1004821,6,103,2439236,1004821,232203,2
91631,37537,1,13,91631,37537,20436,2
16371,9149,5,1,16371,9149,2097,2
145232,117772,1,67,145232,117772,6726,1
359810,153437,1,65,359810,153437,18437,2
88,85,3,18,88,85,1,2
314497,218978,1,70,314497,218978,3131,1
732279,571954,6,126,732279,571954,187801,1
167021,134777,1,65,167021,134777,6898,1
2,2,1,1,2,2,1,1
11,10,2,7,11,10,1,2
13112,11131,5,34,13112,11131,26,2
741099,307211,5,100,741099,307211,61690,2
361430,276850,5,78,361430,276850,60271,2
709790,388496,6,28,709790,388496,53799,1
1588,1568,3,5,1588,1568,1,2
53445,23960,6,6,53445,23960,20649,2
792170,452673,6,32,792170,452673,176073,2
45,44,4,15,45,44,1,2
432062,324563,6,28,432062,324563,139584,1
874022,613797,6,126,874022,613797,211499,2
1300237,484285,1,131,1300237,484285,188036,2
9,9,2,1,9,9,1,1
56605,50381,1,23,56605,50381,298,1
1294038,598447,5,85,1294038,598447,75997,2
1213956,446336,1,124,1213956,446336,170334,2
11814,8526,1,6,11814,8526,929,1
12711,10463,6,1,12711,10463,1696,1
341584,241553,5,70,341584,241553,25770,1
28160,12213,1,1,28160,12213,1834,2
314871,219204,1,70,314871,219204,3196,1
275558,155716,1,82,275558,155716,13048,1
300494,208348,5,13,300494,208348,40648,1
653068,282623,6,82,653068,282623,34235,2
1154,822,5,59,1154,822,1,1
107932,103789,6,98,107932,103789,274,1
7386,6110,1,1,7386,6110,481,1
425516,184182,5,69,425516,184182,21644,2
260,246,4,27,260,246,1,2
1039647,669797,6,128,1039647,669797,219367,2
1072,667,4,34,1072,667,1,2
58686,22809,6,1,58686,22809,16272,2
1118403,475827,6,105,1118403,475827,73693,2
271657,224021,4,125,271657,224021,137612,1
249440,227868,6,104,249440,227868,1672,1
23392,19867,1,7,23392,19867,4767,1
136003,129003,6,98,136003,129003,363,1
1120852,565727,6,124,1120852,565727,8181,2
10816,7577,6,4,10816,7577,105,2
180774,152858,4,119,180774,152858,110141,1
4139,4137,6,98,4139,4137,1,1
826053,344348,6,13,826053,344348,122748,2
22395,10437,5,1,22395,10437,4697,2
11759,5409,4,1,11759,5409,2609,2
13295,10567,4,1,13295,10567,11391,1
950164,502524,5,128,950164,502524,70380,1
519850,244780,1,64,519850,244780,8398,2
132289,97932,5,67,132289,97932,1212,1
496229,375672,5,80,496229,375672,62163,1
1396959,685468,6,128,1396959,685468,12277,2
1242454,491314,5,117,1242454,491314,130372,2
48599,38421,1,17,48599,38421,573,1
2,2,1,1,2,2,1,1
1284011,544965,5,121,1284011,544965,49386,2
32,27,2,10,32,27,1,1
74888,29839,5,1,74888,29839,29066,2
79134,30997,5,1,79134,30997,30075,2
1277617,537093,6,110,1277617,537093,89183,2
1766430,728183,5,131,1766430,728183,232757,2
209389,193539,6,103,209389,193539,1029,1
22067,11292,5,1,22067,11292,3468,2
100055,41317,6,1,100055,41317,26267,2
305146,254588,6,112,305146,254588,250,1
60447,25355,1,10,60447,25355,13122,2
26,26,1,11,26,26,1,1
35958,35409,5,83,35958,35409,1,2
122746,72748,1,79,122746,72748,2955,2
18066,7977,5,1,18066,7977,3230,2
38286,20983,6,1,38286,20983,7503,1
4,4,1,1,4,4,1,1
115322,93593,4,32,115322,93593,41895,1
473500,205224,6,72,473500,205224,23892,2
8634,4332,1,1,8634,4332,261,2
491609,324749,1,77,491609,324749,154829,1
2913,2185,1,1,2913,2185,108,1
951865,523027,6,128,951865,523027,70399,1
630865,459208,1,131,630865,459208,163874,1
1681655,666974,5,123,1681655,666974,199831,2
104902,49553,1,8,104902,49553,45772,2
37334,20417,6,1,37334,20417,7496,1
116,116,4,36,116,116,1,1
239696,93532,1,20,239696,93532,34796,1
823590,330592,5,18,823590,330592,152671,2
690577,481547,5,85,690577,481547,63352,1
36196,22857,6,6,36196,22857,18143,1
1525645,622853,6,29,1525645,622853,181771,2
382047,214963,5,124,382047,214963,4459,1
69834,31956,6,1,69834,31956,23099,2
890418,578965,6,78,890418,578965,207513,2
666400,279077,5,95,666400,279077,52783,2
53486,36725,6,1,53486,36725,23957,1
15271,7475,1,1,15271,7475,399,2
1907845,909893,6,131,1907845,909893,233170,2
152968,63607,2,8,152968,63607,54298,2
262237,232862,5,116,262237,232862,8125,1
316858,139082,1,12,316858,139082,8352,2
424258,346604,6,48,424258,346604,16406,1
126005,100937,4,34,126005,100937,43125,1
61,61,3,1,61,61,1,1
17,13,3,6,17,13,1,2
724370,301206,5,99,724370,301206,59705,2
23983,14387,5,1,23983,14387,1860,1
53995,32327,5,9,53995,32327,1208,2
330494,211726,5,78,330494,211726,12184,1
65225,26453,6,1,65225,26453,18131,2
825328,458775,6,127,825328,458775,69926,1
603461,424497,5,83,603461,424497,26984,1
377,377,4,31,377,377,1,2
50156,24480,1,20,50156,24480,899,2
813156,625935,6,126,813156,625935,194630,1
6,6,1,1,6,6,1,1
773470,433304,5,83,773470,433304,6885,2
877264,437828,1,128,877264,437828,182308,2
6377,3320,1,1,6377,3320,924,2
232704,102809,5,7,232704,102809,23958,2
1265035,721728,6,128,1265035,721728,70666,1
424137,347475,6,125,424137,347475,154980,1
1457457,608320,6,114,1457457,608320,108535,2
12361,10057,6,98,12361,10057,1,2
54,54,4,13,54,54,1,1
1010102,745777,6,129,1010102,745777,61449,1
32339,21893,5,1,32339,21893,18406,1
46827,20311,1,1,46827,20311,2598,2
39278,16870,1,1,39278,16870,2273,2
462888,338737,6,117,462888,338737,875,1
856388,474792,6,124,856388,474792,2536,2
570231,376227,5,30,570231,376227,161477,1
4,4,1,3,4,4,1,1
613617,386688,6,117,613617,386688,768,2
388861,305344,1,115,388861,305344,74887,1
1544902,621326,3,131,1544902,621326,215823,2
2139687,966589,6,131,2139687,966589,234049,2
743054,341467,2,70,743054,341467,16682,2
1091753,732996,6,59,1091753,732996,189811,1
24815,9742,6,1,24815,9742,7191,2
1120400,834870,6,131,1120400,834870,203621,1
19704,11016,1,1,19704,11016,783,1
81,75,2,1,81,75,81,1
2162360,897011,6,122,2162360,897011,188652,2
1606767,637135,5,122,1606767,637135,187553,2
1103141,595869,5,128,1103141,595869,221806,2
1599381,842559,6,131,1599381,842559,229772,2
407384,229969,1,65,407384,229969,3225,2
1373279,677968,6,128,1373279,677968,11932,2
752930,587562,6,126,752930,587562,190063,1
870185,647299,5,131,870185,647299,202829,1
1971778,925664,6,131,1971778,925664,233626,2
10497,5248,1,1,10497,5248,727,2
1140,734,5,76,1140,734,1,1
2276526,943720,6,123,2276526,943720,201035,2
430565,347396,5,109,430565,347396,67891,1
17749,11123,5,1,17749,11123,9713,1
10303,5651,4,1,10303,5651,594,2
45671,28840,6,1,45671,28840,8998,1
138890,62242,1,72,138890,62242,18913,2
20685,13483,6,1,20685,13483,582,1
1239934,522412,6,109,1239934,522412,85573,2
996897,392277,5,24,996897,392277,170241,2
92,91,5,15,92,91,1,1
1097196,822212,6,131,1097196,822212,203343,1
988441,411717,6,15,988441,411717,138532,2
4681,3217,5,1,4681,3217,184,2
134326,57667,1,12,134326,57667,24883,1
98368,92971,6,89,98368,92971,315,1
152,141,3,17,152,141,1,1
370249,176907,1,57,370249,176907,5127,2
398275,263696,1,69,398275,263696,10309,1
37758,19933,5,1,37758,19933,9881,1
1458053,604022,5,122,1458053,604022,187256,2
930965,679988,5,131,930965,679988,203153,1
683994,259670,1,129,683994,259670,10236,2
1358267,569213,6,112,1358267,569213,97655,2
607549,334037,6,116,607549,334037,46225,1
622726,489618,6,116,622726,489618,100403,1
11,11,1,5,11,11,1,1
13,13,3,12,13,13,1,2
167454,131883,4,124,167454,131883,53284,1
277670,236591,6,100,277670,236591,181,1
32,32,3,12,32,32,1,1
977815,515020,6,124,977815,515020,4474,2
279993,133276,5,49,279993,133276,6987,2
5296,3115,3,26,5296,3115,20,2
1292192,532206,6,21,1292192,532206,164061,2
118859,89173,1,23,118859,89173,6576,1
400253,214200,5,64,400253,214200,26574,2
727706,303640,6,12,727706,303640,112992,2
1205083,685299,6,128,1205083,685299,33795,1
650055,552747,6,129,650055,552747,24105,1
1,1,1,1,1,1,1,1
172868,137428,1,65,172868,137428,7162,1
99970,86629,4,124,99970,86629,77465,1
2229234,989890,6,131,2229234,989890,234248,2
737,639,1,1,737,639,550,1
2455,1511,1,1,2455,1511,382,1
1368576,658030,5,131,1368576,658030,228945,2
1371775,536182,5,50,1371775,536182,207925,2
123738,50376,1,19,123738,50376,24540,2
4782,3316,1,1,4782,3316,2505,1
91579,40841,5,5,91579,40841,12221,2
12,12,2,10,12,12,1,1
6999,6030,5,1,6999,6030,3551,1
152,133,3,24,152,133,1,1
457484,207967,1,29,457484,207967,10667,2
21675,6915,2,1,21675,6915,8863,2
14225,6387,4,1,14225,6387,2492,2
3,3,3,3,3,3,1,1
281680,228202,6,102,281680,228202,60886,2
53801,21920,5,1,53801,21920,11211,2
397573,326929,6,125,397573,326929,152289,1
14294,6669,1,1,14294,6669,1020,2
32649,28800,4,120,32649,28800,29502,1
896672,363141,5,108,896672,363141,81805,2
154741,93478,3,14,154741,93478,1533,1
930965,679988,5,131,930965,679988,203153,1
1184748,675221,6,128,1184748,675221,28093,1
282434,187187,6,80,282434,187187,32637,2
1160591,451572,5,33,1160591,451572,187142,2
7325,5254,1,67,7325,5254,18,2
844560,421839,3,128,844560,421839,62339,1
700271,322197,1,70,700271,322197,12223,2
287906,237225,4,125,287906,237225,139696,1
685877,279304,5,15,685877,279304,137306,2
41260,14903,5,1,41260,14903,14385,2
62333,47663,1,20,62333,47663,709,1
512605,270199,5,27,512605,270199,52991,1
404137,304547,5,81,404137,304547,1306,1
294,294,4,21,294,294,1,1
528489,411522,5,125,528489,411522,184485,1
833822,380070,5,23,833822,380070,63977,2
1660716,677335,6,35,1660716,677335,191456,2
973095,530390,6,128,973095,530390,70443,1
383413,183115,1,58,383413,183115,5401,2
3953,3907,6,46,3953,3907,5,1
3569,2426,1,1,3569,2426,243,1
62255,41345,6,1,62255,41345,24911,1
193137,80946,1,81,193137,80946,31041,2
296,285,3,33,296,285,1,2
162804,152368,4,72,162804,152368,17011,1
28492,22553,1,62,28492,22553,1899,1
290882,215333,6,100,290882,215333,159,2
721830,427293,6,118,721830,427293,1426,2
40204,18498,5,6,40204,18498,20133,2
388176,260324,3,25,388176,260324,138834,1
526,524,1,20,526,524,3,1
874475,528978,6,127,874475,528978,11305,1
231,136,5,3,231,136,191,1
997709,520973,6,124,997709,520973,4787,2
1122,1121,5,41,1122,1121,1,1
2393,2378,1,77,2393,2378,8,2
515960,361176,6,118,515960,361176,1448,1
4602,2852,1,1,4602,2852,2240,1
1489089,723616,6,128,1489089,723616,13960,2
627651,262323,6,11,627651,262323,102631,2
104,104,3,7,104,104,1,1
92968,71177,5,37,92968,71177,2140,1
79227,69034,4,124,79227,69034,64449,1
1009446,403325,5,112,1009446,403325,96993,2
2103573,876229,6,69,2103573,876229,132489,2
358375,266718,6,15,358375,266718,118350,1
1045948,416510,5,113,1045948,416510,102009,2
1641816,854257,6,131,1641816,854257,230552,2
2211043,985621,6,131,2211043,985621,234215,2
13757,6641,6,1,13757,6641,1727,2
17487,17461,6,71,17487,17461,16,1
98347,40708,6,1,98347,40708,25438,2
612558,209850,1,27,612558,209850,136564,2
959991,633589,6,45,959991,633589,179367,1
75026,32822,5,1,75026,32822,10933,2
308194,214123,1,68,308194,214123,3116,1
148841,84849,5,10,148841,84849,26182,1
1,1,1,1,1,1,1,1
55349,37645,5,5,55349,37645,10037,1
4190,3170,3,1,4190,3170,584,1
997411,428062,6,100,997411,428062,62055,2
874458,674853,6,127,874458,674853,197016,1
176355,73118,1,46,176355,73118,29748,2
312761,217462,1,70,312761,217462,3168,1
6138,3318,1,1,6138,3318,1997,2
231,136,5,3,231,136,191,1
543,543,3,19,543,543,1,1
486805,395053,6,120,486805,395053,146555,1
15837,10742,6,1,15837,10742,4584,1
1773610,725525,6,41,1773610,725525,199182,2
5258,4443,1,1,5258,4443,1636,1
950164,502524,5,128,950164,502524,70380,1
55252,55185,5,78,55252,55185,1,1
3647,1766,1,1,3647,1766,68,2
656664,404445,6,118,656664,404445,978,2
618815,492778,6,125,618815,492778,171135,1
85823,41927,6,7,85823,41927,6058,2
777743,336065,6,89,777743,336065,44260,2
2152566,908671,6,123,2152566,908671,201017,2
279825,179883,5,72,279825,179883,10222,1
562223,435486,3,129,562223,435486,56311,1
13241,5462,1,2,13241,5462,1222,2
848372,462009,6,41,848372,462009,59905,1
16523,7620,1,1,16523,7620,1194,2
334719,166245,1,24,334719,166245,10047,2
11134,4745,5,1,11134,4745,3222,1
2204236,956619,6,129,2204236,956619,82949,2
46315,22751,6,6,46315,22751,20392,2
34114,29698,3,70,34114,29698,13042,1
417259,186470,5,10,417259,186470,37675,2
27565,15782,6,1,27565,15782,1476,1
224936,87285,1,10,224936,87285,70998,2
387796,260426,1,69,387796,260426,9641,1
27436,12472,1,1,27436,12472,1732,2
42,41,1,1,42,41,17,1
3665,2409,1,22,3665,2409,848,2
6266,6266,4,65,6266,6266,1,1
58,55,5,11,58,55,1,2
661574,297231,1,128,661574,297231,53552,1
24579,9784,6,1,24579,9784,6900,2
46214,39681,5,5,46214,39681,3412,1
239671,184688,3,60,239671,184688,9411,1
4707,2865,1,1,4707,2865,140,2
6221,5243,2,15,6221,5243,1764,1
200964,166824,5,17,200964,166824,10925,1
187883,80128,5,8,187883,80128,59769,2
104668,47768,6,1,104668,47768,31378,2
879475,671017,6,122,879475,671017,160874,1
148728,63499,1,32,148728,63499,19865,2
45332,19678,1,1,45332,19678,2530,2
575452,385731,6,17,575452,385731,132832,1
1086990,816894,6,131,1086990,816894,203184,1
2469678,1019970,6,105,2469678,1019970,232786,2
951734,409760,6,98,951734,409760,58236,2
8222,8219,5,59,8222,8219,1,1
7199,7039,6,1,7199,7039,176,1
780157,447429,6,124,780157,447429,1708,2
739733,419002,6,127,739733,419002,69193,1
211042,138908,1,62,211042,138908,3125,1
819577,431855,5,128,819577,431855,69958,1
1564051,687072,5,131,1564051,687072,231637,2
297905,182051,5,103,297905,182051,23414,1
239860,214702,6,77,239860,214702,20850,1
63700,62736,6,82,63700,62736,120,1
1044164,446446,6,102,1044164,446446,66394,2
435532,206868,1,61,435532,206868,6507,2
4298,4298,1,48,4298,4298,1,1
2,1,1,1,2,1,1,2
280456,166985,6,83,280456,166985,14303,1
147925,127503,1,108,147925,127503,50663,1
1734,1716,5,56,1734,1716,1,1
700271,322197,1,70,700271,322197,12223,2
5123,4245,5,1,5123,4245,2155,2
1229857,731121,6,128,1229857,731121,222626,2
197612,155715,6,99,197612,155715,59,2
12,12,1,8,12,12,1,1
287606,243479,6,100,287606,243479,222,1
2340714,1016158,6,131,2340714,1016158,234318,2
798973,415907,5,118,798973,415907,54037,1
33105,23002,5,1,33105,23002,8279,1
47048,21818,6,1,47048,21818,3562,2
2465,1371,1,14,2465,1371,1,2
5734,4594,4,1,5734,4594,288,1
1605513,696040,5,131,1605513,696040,232079,2
12682,8303,5,6,12682,8303,4765,1
1115115,409400,1,122,1115115,409400,149162,2
5129,2788,1,1,5129,2788,333,2
939,652,1,1,939,652,121,2
1910297,878818,6,129,1910297,878818,47441,2
15057,5670,5,1,15057,5670,5597,2
771694,600193,6,126,771694,600193,191674,1
54218,47572,1,48,54218,47572,19294,1
584338,375758,6,117,584338,375758,676,2
4807,4546,1,1,4807,4546,335,1
6034,3336,3,1,6034,3336,1031,2
728128,413425,6,127,728128,413425,69032,1
167483,73384,6,7,167483,73384,42293,2
6674,4987,5,92,6674,4987,1,2
2,2,1,1,2,2,1,1
732,726,1,2,732,726,1,1
2385,2231,5,45,2385,2231,1,1
16,16,2,11,16,16,1,1
462054,166289,1,17,462054,166289,115459,2
1133833,814625,6,123,1133833,814625,173413,1
9435,4498,6,1,9435,4498,3005,1
77,77,3,1,77,77,1,1
74471,56137,1,8,74471,56137,4809,2
44485,20920,6,1,44485,20920,3060,2
24845,9855,6,1,24845,9855,7330,2
603461,424497,5,83,603461,424497,26984,1
950164,502524,5,128,950164,502524,70380,1
431,431,5,14,431,431,1,1
4,4,1,3,4,4,1,1
65422,54344,4,12,65422,54344,28222,1
624121,311613,1,70,624121,311613,7390,2
1,1,1,1,1,1,1,1
638663,462137,1,131,638663,462137,163970,1
262625,238469,6,105,262625,238469,1994,1
32,32,1,1,32,32,1,1
6809,2569,4,1,6809,2569,2294,2
3462,2905,4,1,3462,2905,1535,1
2420630,1019256,6,130,2420630,1019256,121951,2
39676,35726,1,99,39676,35726,25953,1
35607,34696,4,61,35607,34696,436,1
1675859,708023,5,131,1675859,708023,232458,2
196367,86259,1,79,196367,86259,27390,2
2036,1916,1,108,2036,1916,1949,1
472999,344245,6,118,472999,344245,1012,1
293500,138809,1,49,293500,138809,3420,2
4,2,1,2,4,2,1,2
269531,204206,6,99,269531,204206,144,2
1495260,810250,6,131,1495260,810250,226788,2
42769,40536,1,14,42769,40536,291,1
9860,7507,5,67,9860,7507,1,2
8038,8014,4,27,8038,8014,1,1
1265035,721728,6,128,1265035,721728,70666,1
455756,370213,6,110,455756,370213,85394,1
557659,359521,6,117,557659,359521,595,2
9583,3998,2,1,9583,3998,3697,2
1189128,584350,6,118,1189128,584350,139595,2
967,820,1,1,967,820,260,1
45366,45086,6,81,45366,45086,53,1
6,5,2,3,6,5,1,2
39212,15594,6,1,39212,15594,10935,2
1,1,1,1,1,1,1,1
193064,130044,5,10,193064,130044,78729,1
1126962,564887,6,121,1126962,564887,9967,2
546466,225133,1,90,546466,225133,42171,2
689551,298410,6,84,689551,298410,37084,2
211911,100771,5,42,211911,100771,4351,2
1513898,733369,6,128,1513898,733369,14281,2
3,3,1,1,3,3,1,1
57812,25994,6,1,57812,25994,10004,2
94,79,4,28,94,79,1,2
1,1,1,1,1,1,1,1
799712,445867,6,127,799712,445867,69773,1
893394,688819,6,127,893394,688819,197680,1
323324,293935,6,104,323324,293935,9360,1
237293,172331,4,125,237293,172331,56406,1
27,27,1,11,27,27,1,2
280294,132790,1,47,280294,132790,3066,2
100367,43705,3,7,100367,43705,39645,2
35743,15096,1,1,35743,15096,2112,2
1618,1616,1,72,1618,1616,1,2
9227,3824,5,1,9227,3824,2686,1
1883938,869633,6,129,1883938,869633,43546,2
3827,2104,1,1,3827,2104,111,2
130276,116033,5,105,130276,116033,1987,1
154,154,1,2,154,154,1,1
3953,3907,6,46,3953,3907,5,1
1265035,721728,6,128,1265035,721728,70666,1
20157,8423,5,1,20157,8423,2802,2
430057,369432,6,128,430057,369432,6900,1
1440904,704638,6,128,1440904,704638,12973,2
5,4,1,3,5,4,1,2
1112352,460979,6,17,1112352,460979,149481,2
5,5,1,4,5,5,1,1
117174,108730,6,83,117174,108730,98,1
1055295,705320,6,55,1055295,705320,187532,1
21302,9464,1,1,21302,9464,1380,2
12129,8751,5,6,12129,8751,254,2
946074,360093,2,115,946074,360093,100400,2
171519,76342,3,6,171519,76342,12037,2
371383,166400,1,17,371383,166400,9234,2
837858,598314,6,126,837858,598314,208436,2
6293,2949,1,1,6293,2949,517,2
1265035,721728,6,128,1265035,721728,70666,1
201,201,4,21,201,201,1,1
50191,17806,1,1,50191,17806,22318,2
743394,253746,1,41,743394,253746,153854,2
1760628,698858,5,124,1760628,698858,212990,2
615864,258937,5,91,615864,258937,46772,2
562296,450247,6,125,562296,450247,163087,1
901462,429844,3,71,901462,429844,41273,2
92,91,3,8,92,91,1,1
87072,36233,6,1,87072,36233,23454,2
1,1,1,1,1,1,1,1
1142693,646753,6,120,1142693,646753,61567,1
314871,219204,1,70,314871,219204,3196,1
858362,475609,6,124,858362,475609,2560,2
5,5,3,5,5,5,1,1
1205830,676364,6,128,1205830,676364,70660,1
106711,102695,6,98,106711,102695,269,1
813264,333182,5,104,813264,333182,70692,2
241669,168521,1,64,241669,168521,382,2
267860,177779,1,44,267860,177779,9378,1
2676,1569,2,1,2676,1569,197,2
623791,436954,5,80,623791,436954,58356,1
1101473,606578,6,77,1101473,606578,66746,1
133024,91680,5,7,133024,91680,19884,1
6223,6218,1,65,6223,6218,1,1
140869,107044,1,38,140869,107044,7195,1
20,19,3,14,20,19,1,2
66763,58113,1,49,66763,58113,20562,1
134610,109693,4,124,134610,109693,51011,1
114038,49424,6,1,114038,49424,29505,2
197043,166864,5,110,197043,166864,6674,1
1247456,898705,6,131,1247456,898705,204481,1
2848,2708,4,1,2848,2708,135,1
44884,18428,1,1,44884,18428,21716,2
934660,500483,6,124,934660,500483,3501,2
318428,270809,5,107,318428,270809,60203,1
1225283,531911,5,129,1225283,531911,25344,2
136801,130626,4,61,136801,130626,11437,1
6902,3698,1,1,6902,3698,1220,2
599278,281439,5,69,599278,281439,30468,2
4,4,1,4,4,4,1,1
80358,78670,6,92,80358,78670,152,1
228992,211482,6,103,228992,211482,1190,1
1242431,734313,6,128,1242431,734313,222778,2
387510,257289,1,69,387510,257289,10164,1
266670,242011,6,105,266670,242011,2091,1
992708,374622,1,129,992708,374622,57328,2
10938,7300,6,1,10938,7300,3756,1
212830,175139,1,116,212830,175139,84990,1
53046,46578,4,122,53046,46578,45918,1
39361,18298,5,1,39361,18298,8353,2
33115,15142,1,1,33115,15142,1154,2
297904,212118,5,67,297904,212118,20528,1
39442,17720,5,1,39442,17720,5590,2
10,9,2,1,10,9,1,2
8483,7655,4,102,8483,7655,6757,1
525055,367200,6,18,525055,367200,135748,1
1307833,651348,6,128,1307833,651348,11347,2
23,23,2,13,23,23,1,1
1837129,850970,6,129,1837129,850970,35347,2
594627,475315,6,125,594627,475315,165668,1
53,34,1,1,53,34,1,1
92,92,2,5,92,92,1,1
73837,57522,5,34,73837,57522,1693,1
1156337,842325,6,130,1156337,842325,92408,1
8,5,2,2,8,5,1,1
311797,217534,1,70,311797,217534,2751,1
398275,263696,1,69,398275,263696,10309,1
875626,625800,6,71,875626,625800,57636,1
642844,414905,6,124,642844,414905,3092,1
13622,8230,6,1,13622,8230,5490,1
11765,6293,6,1,11765,6293,2853,1
211282,132260,1,32,211282,132260,2848,1
7352,6734,1,1,7352,6734,401,1
690162,517579,5,120,690162,517579,137302,1
60455,27756,5,1,60455,27756,10519,2
1626370,739896,6,119,1626370,739896,57134,2
10024,3891,1,1,10024,3891,3806,2
325589,287403,6,107,325589,287403,3953,1
1988173,907184,6,129,1988173,907184,65257,2
5,5,1,2,5,5,1,1
28,27,1,17,28,27,1,2
501387,229407,1,36,501387,229407,11075,2
589217,269223,1,49,589217,269223,11629,2
180890,86697,2,30,180890,86697,2352,2
16,16,3,11,16,16,1,2
1834,1834,3,9,1834,1834,1,1
8648,8024,4,115,8648,8024,7711,1
35340,35229,5,83,35340,35229,1,1
685,528,5,81,685,528,1,2
100528,83794,1,66,100528,83794,5388,1
262733,238564,6,105,262733,238564,2003,1
1746484,817258,6,129,1746484,817258,25009,2
30652,17505,6,1,30652,17505,1839,1
1291418,921494,6,131,1291418,921494,204609,1
289370,221491,1,69,289370,221491,4688,1
736808,299088,5,16,736808,299088,143168,2
46906,42251,5,77,46906,42251,1,2
36456,17221,6,1,36456,17221,3297,2
27741,21454,1,56,27741,21454,1996,1
126678,51916,1,8,126678,51916,47710,2
178045,73935,1,76,178045,73935,27859,2
481811,271050,1,70,481811,271050,3061,2
413684,186458,1,22,413684,186458,9964,2
1083684,797047,6,130,1083684,797047,71658,1
3218,2910,4,1,3218,2910,842,1
196299,165046,4,119,196299,165046,114366,1
297858,198158,6,10,297858,198158,79822,1
1303622,751021,6,128,1303622,751021,223169,2
825793,459010,6,127,825793,459010,69927,1
2047483,850918,6,121,2047483,850918,175550,2
360267,250457,5,75,360267,250457,454,2
630434,245600,1,128,630434,245600,8562,2
23751,12757,1,6,23751,12757,6450,2
355043,284185,1,129,355043,284185,37404,1
745631,340510,6,21,745631,340510,13690,2
397707,189784,1,59,397707,189784,5695,2
13861,9868,1,65,13861,9868,1,2
291000,202923,1,67,291000,202923,2931,1
105400,45451,1,4,105400,45451,4272,2
390865,176044,1,19,390865,176044,9505,2
22656,16356,6,1,22656,16356,12623,1
154679,110223,4,50,154679,110223,5890,1
127650,59682,1,6,127650,59682,2247,2
8378,6905,5,1,8378,6905,1423,1
66416,41191,5,11,66416,41191,778,2
108,103,1,10,108,103,1,1
1751,879,1,9,1751,879,64,2
491088,299216,6,95,491088,299216,20377,1
554,450,4,46,554,450,1,2
184582,145282,1,60,184582,145282,1629,1
106676,92203,4,124,106676,92203,81280,1
558243,241953,6,77,558243,241953,28347,2
529678,342827,1,126,529678,342827,173258,2
48,36,4,10,48,36,1,2
264068,169458,5,70,264068,169458,9741,1
887755,422032,3,71,887755,422032,41058,2
309406,146153,1,51,309406,146153,3845,2
43534,41597,5,93,43534,41597,187,1
1751945,876407,6,131,1751945,876407,232124,2
1029,1029,3,24,1029,1029,1,1
2310490,978587,6,129,2310490,978587,95034,2
5436,1781,1,1,5436,1781,1716,1
1697575,866065,6,131,1697575,866065,231515,2
639694,413635,6,124,639694,413635,3001,1
1163,1163,4,26,1163,1163,1,1
5362,5345,4,25,5362,5345,5,1
2493975,1046184,6,130,2493975,1046184,156780,2
801753,375735,5,74,801753,375735,46138,2
1942158,806976,6,120,1942158,806976,162908,2
67519,33287,1,24,67519,33287,764,2
10849,4747,5,1,10849,4747,3474,1
316913,219551,4,125,316913,219551,58401,1
17348,7431,6,1,17348,7431,4412,2
869527,348164,2,129,869527,348164,16672,2
4775,3749,1,30,4775,3749,394,1
58573,25140,1,3,58573,25140,2982,2
627614,392658,6,117,627614,392658,845,2
777521,342278,6,91,777521,342278,47018,2
41159,25943,5,7,41159,25943,11254,1
79,68,3,17,79,68,1,2
117882,71465,6,8,117882,71465,17404,1
297453,174685,6,84,297453,174685,14856,1
6067,2972,1,1,6067,2972,456,2
10657,8262,6,1,10657,8262,1738,1
149107,85285,1,13,149107,85285,2325,1
2341495,957051,6,87,2341495,957051,226959,2
5407,5382,4,83,5407,5382,1,1
313720,218590,1,70,313720,218590,2999,1
221068,169147,6,95,221068,169147,216,2
950164,502524,5,128,950164,502524,70380,1
520819,220861,3,83,520819,220861,35461,2
1493,1484,3,24,1493,1484,1,1
1265035,721728,6,128,1265035,721728,70666,1
9581,5619,4,1,9581,5619,468,2
4693,4227,6,51,4693,4227,5,2
104181,90161,6,78,104181,90161,25,2
1773,1414,1,1,1773,1414,371,1
1310818,579571,5,94,1310818,579571,225962,2
543446,468076,6,129,543446,468076,11718,1
40222,27141,5,1,40222,27141,24216,1
646352,495258,6,111,646352,495258,75195,1
1253,1253,1,17,1253,1253,1,1
28913,20386,5,1,28913,20386,8016,1
7126,4791,5,79,7126,4791,1,2
285,285,4,19,285,285,1,1
1647500,856025,6,131,1647500,856025,230673,2
25137,19718,5,9,25137,19718,465,1
145,144,2,16,145,144,1,2
29771,13649,2,1,29771,13649,2410,2
1824085,846329,6,129,1824085,846329,33508,2
262369,174537,1,62,262369,174537,688,2
32461,12276,6,1,32461,12276,8753,2
108,108,4,15,108,108,1,1
1119351,624439,6,128,1119351,624439,70621,1
17,17,2,1,17,17,1,1
3126,2579,6,1,3126,2579,1889,1
602346,286561,4,70,602346,286561,31119,2
631476,439789,5,126,631476,439789,205289,2
1018047,399949,5,25,1018047,399949,172444,2
108910,48244,5,7,108910,48244,41432,2
1790786,732797,5,131,1790786,732797,232789,2
74,65,3,34,74,65,1,1
56705,27281,3,7,56705,27281,5336,2
2278709,937146,6,78,2278709,937146,223773,2
2022105,938054,6,131,2022105,938054,233814,2
3,3,1,2,3,3,1,1
22621,12999,6,1,22621,12999,500,2
200333,171493,1,68,200333,171493,2075,1
320533,279213,5,122,320533,279213,10833,1
2323,2022,1,70,2323,2022,1,2
258,255,3,2,258,255,1,2
131,131,1,10,131,131,1,1
666,458,3,1,666,458,358,1
1366,1366,1,15,1366,1366,1,1
1235144,702589,6,128,1235144,702589,47609,1
1998267,932155,6,131,1998267,932155,233753,2
1648,1490,1,9,1648,1490,237,1
31,31,2,17,31,31,1,1
421465,178139,5,73,421465,178139,24549,2
4625,3004,5,1,4625,3004,1531,2
10787,2932,1,1,10787,2932,1800,2
330022,145290,1,13,330022,145290,8558,2
482221,226491,5,64,482221,226491,21796,2
296050,211118,6,38,296050,211118,686,1
1105552,558778,6,124,1105552,558778,7842,2
50238,27511,6,1,50238,27511,9035,1
1301781,924261,6,118,1301781,924261,203571,1
318391,150549,1,52,318391,150549,4006,2
274227,129818,1,46,274227,129818,2949,2
12677,5012,5,1,12677,5012,4898,2
508996,412254,6,125,508996,412254,160915,1
641698,297057,1,67,641698,297057,10947,2
1247456,898705,6,131,1247456,898705,204481,1
691299,401916,6,127,691299,401916,68782,1
271296,191907,1,66,271296,191907,2681,1
1,1,1,1,1,1,1,1
1492779,724735,6,128,1492779,724735,14006,2
2331,2155,2,31,2331,2155,1,1
462970,217885,5,63,462970,217885,20340,2
1321944,939324,6,131,1321944,939324,204629,1
2012247,915178,6,129,2012247,915178,70787,2
240003,112457,6,9,240003,112457,7018,2
5,5,1,4,5,5,1,1
25684,18828,6,1,25684,18828,14494,1
836507,389877,4,35,836507,389877,57456,2
5366,2497,1,1,5366,2497,1034,2
513,449,5,4,513,449,216,1
10072,6101,1,12,10072,6101,292,1
11728,5252,2,2,11728,5252,1006,2
2401,2401,5,61,2401,2401,1,1
898051,549230,6,118,898051,549230,165207,2
17859,5062,1,1,17859,5062,4910,2
667490,374013,5,75,667490,374013,10967,2
75311,60961,1,18,75311,60961,10414,1
973304,500930,6,66,973304,500930,6261,2
22595,18043,6,1,22595,18043,14723,1
450801,333145,6,117,450801,333145,843,1
364985,246916,1,68,364985,246916,10243,1
24868,17455,6,4,24868,17455,15156,1
349660,150349,3,63,349660,150349,17473,2
366913,293532,6,114,366913,293532,458,1
24267,9524,6,1,24267,9524,6874,2
310849,255715,4,125,310849,255715,142275,1
23445,23366,6,76,23445,23366,24,1
4415,4395,1,1,4415,4395,53,1
735995,480949,6,24,735995,480949,152436,1
6836,4329,1,1,6836,4329,5049,1
10,9,1,6,10,9,1,2
106501,45241,6,1,106501,45241,29754,2
21,21,2,6,21,21,1,1
21150,7672,5,1,21150,7672,7858,2
26856,13256,1,16,26856,13256,260,2
452,429,4,1,452,429,433,1
24044,22172,4,117,24044,22172,19193,1
667823,508664,6,112,667823,508664,79161,1
6458,2187,1,1,6458,2187,1413,2
661574,297231,1,128,661574,297231,53552,1
122057,115043,6,75,122057,115043,1044,1
219212,167877,5,20,219212,167877,110548,1
3873,3434,4,1,3873,3434,321,1
10095,7498,6,105,10095,7498,1,2
1254866,630449,6,128,1254866,630449,11189,2
82390,43570,1,6,82390,43570,357,2
49254,33227,6,1,49254,33227,21319,1
263812,163923,1,18,263812,163923,106540,1
72288,59829,1,108,72288,59829,3039,1
31020,14115,1,6,31020,14115,16839,2
43,43,1,4,43,43,1,1
73361,62347,1,38,73361,62347,1399,1
13286,8013,1,1,13286,8013,1330,1
1100150,634275,6,128,1100150,634275,17508,1
147768,63585,2,5,147768,63585,6135,2
3,2,2,2,3,2,1,2
962955,722181,6,129,962955,722181,55897,1
768154,442742,6,112,768154,442742,35752,1
979421,729806,6,129,979421,729806,58150,1
166265,69863,1,37,166265,69863,26356,2
341905,140964,5,10,341905,140964,88850,2
13286,8013,1,1,13286,8013,1330,1
1173834,573878,5,84,1173834,573878,40233,2
1019806,529351,6,124,1019806,529351,5591,2
1265035,721728,6,128,1265035,721728,70666,1
1273,961,4,24,1273,961,1,2
372867,295642,6,114,372867,295642,471,1
433980,293677,6,113,433980,293677,2068,1
26971,24622,1,118,26971,24622,20923,1
1237948,895686,6,131,1237948,895686,204447,1
334,334,5,30,334,334,1,1
15,10,1,8,15,10,1,1
39152,23326,5,1,39152,23326,23477,2
2301,1586,1,1,2301,1586,687,1
300851,128353,5,11,300851,128353,35328,2
5152,2554,1,1,5152,2554,219,2
490211,353144,6,112,490211,353144,108457,2
49251,17385,2,1,49251,17385,20748,2
170072,100883,1,18,170072,100883,2492,1
1123386,837265,6,131,1123386,837265,203659,1
2393,2383,5,20,2393,2383,1,1
3917,2214,4,34,3917,2214,1,2
4672,4113,3,3,4672,4113,1264,1
11259,5771,1,1,11259,5771,863,2
62920,40482,6,7,62920,40482,11402,1
23316,15556,6,1,23316,15556,728,1
4868,2882,1,1,4868,2882,602,2
723857,282803,1,108,723857,282803,68196,2
26621,17381,5,6,26621,17381,17528,1
69,66,4,39,69,66,1,1
1252980,516612,6,20,1252980,516612,161089,2
91793,76965,1,56,91793,76965,3208,1
170131,71757,1,39,170131,71757,26641,2
490403,200783,5,12,490403,200783,111784,2
22334,16321,6,8,22334,16321,31,2
6,6,1,6,6,6,1,1
748552,276990,3,20,748552,276990,146028,2
2399185,1031133,6,131,2399185,1031133,234388,2
565342,485197,6,129,565342,485197,13693,1
947995,375239,5,22,947995,375239,165548,2
407127,333044,5,107,407127,333044,62406,1
44883,27847,1,7,44883,27847,1580,1
8430,3960,1,1,8430,3960,711,2
6643,2042,1,1,6643,2042,1669,2
2442667,1027242,6,130,2442667,1027242,130825,2
107,107,1,6,107,107,1,1
265897,172225,6,90,265897,172225,650,2
933,888,5,39,933,888,1,2
628244,263901,5,92,628244,263901,48269,2
82,82,2,24,82,82,1,1
2417727,1018162,6,130,2417727,1018162,120994,2
253,253,1,1,253,253,1,1
691441,582510,6,129,691441,582510,29817,1
296,280,1,1,296,280,31,2
101,101,2,24,101,101,1,1
141337,113084,1,62,141337,113084,5528,2
645099,549134,6,129,645099,549134,23397,1
5144,1618,4,1,5144,1618,1354,2
8586,8586,5,57,8586,8586,1,1
215061,124642,6,10,215061,124642,26363,1
2070911,953065,6,131,2070911,953065,233957,2
619737,405337,6,124,619737,405337,2637,1
27186,9433,5,1,27186,9433,9785,2
147534,117498,5,12,147534,117498,31537,1
11703,5743,1,1,11703,5743,267,2
521815,406535,5,125,521815,406535,183636,1
330494,211726,5,78,330494,211726,12184,1
760868,395196,5,117,760868,395196,50202,1
350,343,5,52,350,343,1,2
489052,423625,6,128,489052,423625,8644,1
38467,37973,1,64,38467,37973,110,1
854387,659085,6,127,854387,659085,196301,1
2096309,864075,6,59,2096309,864075,216284,2
3168,1611,6,1,3168,1611,1492,1
261728,123635,1,44,261728,123635,2658,2
26,20,3,10,26,20,1,2
338937,160893,1,54,338937,160893,4471,2
1472341,717495,6,128,1472341,717495,13562,2
390705,333089,6,108,390705,333089,6306,1
1677,1676,2,44,1677,1676,1,1
493646,401141,6,101,493646,401141,49636,1
1139738,486556,6,106,1139738,486556,53995,2
140554,120793,4,120,140554,120793,97705,1
2250,1841,1,1,2250,1841,916,1
715491,440872,6,124,715491,440872,5948,1
7251,3016,4,1,7251,3016,2458,2
915323,708269,6,127,915323,708269,197821,1
3977,3973,4,41,3977,3973,1,2
705057,422545,6,118,705057,422545,1367,2
511,384,1,10,511,384,1,2
17,10,1,5,17,10,1,2
119013,112284,1,67,119013,112284,563,1
201741,158435,6,99,201741,158435,66,2
1200,1084,3,72,1200,1084,1067,1
2189,2189,1,24,2189,2189,1,1
412432,291644,5,21,412432,291644,142321,1
31723,26245,1,18,31723,26245,2585,1
5987,1837,1,1,5987,1837,1984,1
69011,67662,6,92,69011,67662,138,1
713146,329606,1,70,713146,329606,12379,2
531654,239365,5,12,531654,239365,45611,2
502654,235845,5,65,502654,235845,23305,2
255,252,1,23,255,252,1,2
7151,5615,5,1,7151,5615,2956,1
522785,418276,6,117,522785,418276,135162,1
891020,687308,6,127,891020,687308,197599,1
3096,3021,4,67,3096,3021,1,1
1692813,652888,3,131,1692813,652888,216081,2
1189182,474857,1,131,1189182,474857,187327,2
314871,219204,1,70,314871,219204,3196,1
1351083,668023,6,128,1351083,668023,11661,2
21973,14411,5,1,21973,14411,14495,2
157,140,4,1,157,140,1,2
1240956,733939,6,128,1240956,733939,222773,2
11,11,3,4,11,11,1,1
526251,317079,6,98,526251,317079,22071,1
723803,313121,6,86,723803,313121,39833,2
4,4,1,2,4,4,1,1
603461,424497,5,83,603461,424497,26984,1
89361,51126,1,7,89361,51126,1741,1
121,120,1,17,121,120,1,2
21878,17633,4,7,21878,17633,11281,1
75654,52674,1,78,75654,52674,469,2
947814,500756,5,128,947814,500756,70247,1
24905,16368,5,1,24905,16368,13817,1
1619354,848090,6,131,1619354,848090,230022,2
576309,249930,6,78,576309,249930,29357,2
277056,140652,5,9,277056,140652,33304,2
2228963,961694,6,129,2228963,961694,85804,2
645533,286911,1,128,645533,286911,39856,1
17,17,1,3,17,17,1,1
462968,219340,1,62,462968,219340,7153,2
75608,66788,2,92,75608,66788,2570,1
490345,352945,6,118,490345,352945,1281,1
1724617,804974,6,129,1724617,804974,24033,2
788119,610781,6,126,788119,610781,193134,1
334813,293983,6,107,334813,293983,4341,1
36775,12116,3,1,36775,12116,13730,2
2012020,934269,6,131,2012020,934269,233776,2
356804,158714,5,9,356804,158714,33523,2
176705,140563,1,59,176705,140563,1518,1
398275,263696,1,69,398275,263696,10309,1
11,11,2,8,11,11,1,1
1238,1236,5,61,1238,1236,1,1
1858574,859687,6,129,1858574,859687,38864,2
1,1,1,1,1,1,1,1
1968,1668,1,1,1968,1668,566,1
295008,235988,1,125,295008,235988,128561,1
1145596,846740,6,131,1145596,846740,203957,1
706455,305690,6,85,706455,305690,38481,2
20,20,3,11,20,20,1,1
1273499,741192,6,128,1273499,741192,223076,2
2144293,885117,6,62,2144293,885117,217959,2
5,5,1,4,5,5,1,1
293283,125579,6,8,293283,125579,60785,2
3,2,1,2,3,2,3,2
266826,180764,5,12,266826,180764,99345,1
1999,1997,3,19,1999,1997,1,2
7625,2402,4,1,7625,2402,1635,2
162,160,1,35,162,160,1,1
240452,161930,1,60,240452,161930,5292,1
1237948,895686,6,131,1237948,895686,204447,1
65770,26769,5,1,65770,26769,23041,2
17,17,1,1,17,17,1,1
495,495,3,15,495,495,1,1
491128,231553,1,63,491128,231553,7781,2
57493,50358,4,63,57493,50358,19171,1
1742712,815602,6,129,1742712,815602,24659,2
913125,380581,6,14,913125,380581,131521,2
735866,448772,6,124,735866,448772,6915,1
1103031,506615,5,47,1103031,506615,74302,2
151183,129364,4,124,151183,129364,103437,1
13499,5588,2,1,13499,5588,1384,2
1700526,799798,6,129,1700526,799798,21477,2
72723,34837,1,4,72723,34837,1655,2
805660,306207,1,113,805660,306207,82768,2
14949,13439,3,19,14949,13439,11219,1
1,1,1,1,1,1,1,1
2,2,1,1,2,2,1,1
544570,230533,5,85,544570,230533,38287,2
2385,2231,5,45,2385,2231,1,1
127091,104567,4,124,127091,104567,50223,1
15879,7987,6,1,15879,7987,3375,1
6913,3070,1,1,6913,3070,593,2
12883,12859,1,13,12883,12859,1,1
848253,608930,3,131,848253,608930,189164,1
99232,67781,1,7,99232,67781,5249,1
498531,361268,5,46,498531,361268,171667,1
1099664,823496,6,131,1099664,823496,203425,1
882043,686736,6,129,882043,686736,47360,1
398275,263696,1,69,398275,263696,10309,1
76776,63212,1,40,76776,63212,16,2
1106095,558800,6,124,1106095,558800,7845,2
5110,4570,4,1,5110,4570,4213,1
41488,40600,1,25,41488,40600,739,1
1306592,932959,6,131,1306592,932959,204617,1
16597,12150,5,1,16597,12150,11680,1
524962,227594,6,75,524962,227594,26470,2
41159,25943,5,7,41159,25943,11254,1
2577519,1076716,6,131,2577519,1076716,218678,2
23357,9378,6,1,23357,9378,6162,2
123,123,1,22,123,123,1,1
3517,3051,5,45,3517,3051,1,2
84693,51978,6,7,84693,51978,4998,1
2323032,950631,6,84,2323032,950631,225978,2
8236,6368,6,1,8236,6368,2574,1
762446,490375,5,127,762446,490375,215115,2
800532,472501,6,124,800532,472501,11117,1
205616,96046,1,35,205616,96046,1815,2
117653,97762,4,123,117653,97762,49093,1
1729,877,1,1,1729,877,485,2
1519878,596753,5,68,1519878,596753,219377,2
32890,32739,1,66,32890,32739,70,1
570129,489464,6,129,570129,489464,14038,1
7031,5774,1,1,7031,5774,1493,1
66316,43840,1,23,66316,43840,6504,1
1808,1807,4,31,1808,1807,1,1
2622,1933,1,2,2622,1933,14,2
1568825,833178,6,131,1568825,833178,228669,2
590199,393082,6,124,590199,393082,2219,1
2402326,995915,6,124,2402326,995915,214354,2
4851,3705,5,1,4851,3705,2076,1
6350,4779,6,1,6350,4779,3896,1
342474,190282,5,91,342474,190282,12313,1
13472,11381,1,1,13472,11381,594,1
529061,218772,1,88,529061,218772,39672,2
94885,82325,4,124,94885,82325,74340,1
907690,496913,6,128,907690,496913,70240,1
735866,448772,6,124,735866,448772,6915,1
114877,46093,6,1,114877,46093,30739,2
1074503,808921,6,131,1074503,808921,202889,1
259613,194582,1,68,259613,194582,9431,1
333093,224724,4,125,333093,224724,58702,1
337136,160189,5,54,337136,160189,10465,2
1725818,871404,6,131,1725818,871404,231879,2
250252,181302,1,68,250252,181302,216,2
44969,40686,4,88,44969,40686,23767,1
582314,284258,1,57,582314,284258,7427,2
15,15,2,1,15,15,1,1
1064097,711918,6,56,1064097,711918,188075,1
525215,354836,1,91,525215,354836,158383,1
107,106,1,13,107,106,1,1
14170,7252,1,1,14170,7252,634,1
68,67,5,42,68,67,1,1
23242,15495,2,1,23242,15495,16439,1
69506,28986,1,11,69506,28986,14473,2
223591,206460,6,103,223591,206460,1100,1
303834,255362,1,109,303834,255362,54990,1
216532,159505,4,125,216532,159505,55834,1
99079,84391,5,56,99079,84391,12158,1
473747,213823,2,28,473747,213823,14159,2
199904,166329,4,26,199904,166329,7656,1
521342,183439,1,20,521342,183439,124206,2
1730,974,1,1,1730,974,191,1
3291,1780,3,1,3291,1780,173,2
1582,1523,1,1,1582,1523,76,1
3804,2029,1,1,3804,2029,1390,2
18032,16442,4,7,18032,16442,12883,1
61808,55411,6,79,61808,55411,1,2
1451406,593472,6,26,1451406,593472,175823,2
50097,19592,6,1,50097,19592,14651,2
1581368,657582,6,116,1581368,657582,122437,2
1615256,846650,6,131,1615256,846650,229920,2
6,6,1,4,6,6,1,1
1313176,512032,5,45,1313176,512032,202541,2
4,4,1,1,4,4,1,1
1,1,1,1,1,1,1,1
597014,380037,6,117,597014,380037,688,2
235,234,1,19,235,234,1,1
75,73,4,29,75,73,1,1
5,5,1,3,5,5,1,2
757005,359205,2,128,757005,359205,59811,1
353609,288236,5,125,353609,288236,151681,1
19,19,2,3,19,19,1,1
251714,229989,6,104,251714,229989,1744,1
1,1,1,1,1,1,1,1
1183661,467798,5,116,1183661,467798,121718,2
100733,44583,5,7,100733,44583,33950,2
1164871,481653,6,18,1164871,481653,153902,2
1256094,715854,6,128,1256094,715854,62730,1
1099972,538251,6,33,1099972,538251,186493,2
1265035,721728,6,128,1265035,721728,70666,1
12,12,1,8,12,12,1,1
72,71,4,3,72,71,4,1
1084,878,2,18,1084,878,1,2
1,1,1,1,1,1,1,1
414,414,3,23,414,414,1,1
9608,7598,6,1,9608,7598,1623,1
18,18,4,8,18,18,1,1
302564,132413,1,11,302564,132413,8157,2
902889,697556,6,127,902889,697556,197755,1
22486,8860,6,1,22486,8860,6228,2
286041,124793,1,10,286041,124793,7899,2
425894,299499,6,112,425894,299499,304,2
32211,22595,1,112,32211,22595,206,1
17347,5099,1,1,17347,5099,7429,2
972866,383961,5,23,972866,383961,167890,2
36349,18040,6,1,36349,18040,1758,2
201681,172112,1,68,201681,172112,2149,1
2417339,1018051,6,130,2417339,1018051,120858,2
2143712,943608,6,129,2143712,943608,76968,2
16,16,4,6,16,16,1,1
257506,196895,1,69,257506,196895,517,1
750120,483929,5,127,750120,483929,213974,2
423040,276502,6,119,423040,276502,49584,1
1158692,854595,6,131,1158692,854595,204092,1
170949,136344,1,65,170949,136344,7059,1
278592,143663,1,110,278592,143663,3210,1
371344,234283,2,68,371344,234283,15831,2
751,751,1,36,751,751,1,1
793,793,4,17,793,793,1,1
17421,9868,6,1,17421,9868,1707,1
862690,403950,5,75,862690,403950,50299,2
2112364,959371,6,131,2112364,959371,234016,2
65,36,2,9,65,36,1,1
3,3,2,3,3,3,1,1
17843,14336,5,1,17843,14336,6479,1
132831,64356,5,34,132831,64356,2437,2
168973,132890,4,124,168973,132890,53367,1
441116,328809,6,117,441116,328809,761,1
125402,103437,4,124,125402,103437,49993,1
13355,12343,1,98,13355,12343,202,1
3,2,1,1,3,2,1,1
1883516,904153,6,131,1883516,904153,233064,2
1,1,1,1,1,1,1,1
158452,126528,1,64,158452,126528,6419,1
980496,341493,1,75,980496,341493,176590,2
1419349,697181,6,128,1419349,697181,12595,2
710755,386983,6,35,710755,386983,57395,1
412064,151112,1,15,412064,151112,107486,2
14124,6405,5,1,14124,6405,3266,2
1531192,635103,6,39,1531192,635103,82645,2
2197041,908968,6,66,2197041,908968,219955,2
1112717,831824,6,131,1112717,831824,203598,1
497763,210920,5,81,497763,210920,32811,2
23064,20563,1,66,23064,20563,1471,1
107469,100966,1,64,107469,100966,71,1
16222,8055,1,1,16222,8055,726,2
39895,35982,1,68,39895,35982,1,2
1916741,786676,6,49,1916741,786676,208451,2
403198,304303,5,81,403198,304303,1280,1
1180134,584059,6,124,1180134,584059,10552,2
4,4,1,1,4,4,1,1
2378827,1003693,6,130,2378827,1003693,108579,2
7048,4491,1,1,7048,4491,953,1
111083,64916,5,9,111083,64916,21842,1
1735949,709352,6,39,1735949,709352,196817,2
472985,310683,6,127,472985,310683,60097,1
955702,714033,6,122,955702,714033,161584,1
524,494,4,11,524,494,1,1
851,564,1,1,851,564,517,1
538268,464024,6,129,538268,464024,11319,1
860527,631628,6,118,860527,631628,118359,1
1411595,779426,6,131,1411595,779426,223864,2
1011376,733300,6,121,1011376,733300,149836,1
1572398,641237,6,31,1572398,641237,185269,2
792695,409502,5,75,792695,409502,25534,2
115788,57106,1,27,115788,57106,1643,2
157869,88117,1,47,157869,88117,27284,2
40,40,2,1,40,40,1,1
1,1,1,1,1,1,1,1
5,5,1,3,5,5,1,1
3531,1421,3,1,3531,1421,1059,1
377429,245427,4,125,377429,245427,59312,1
1492,1344,5,53,1492,1344,1,1
1,1,1,1,1,1,1,1
1,1,1,1,1,1,1,1
695333,419173,6,118,695333,419173,1301,2
1868,1575,4,1,1868,1575,4,2
1,1,1,1,1,1,1,1
459712,286234,5,74,459712,286234,1429,2
40718,35765,1,16,40718,35765,15772,1
1128807,784838,6,86,1128807,784838,197812,1
1828461,748789,6,44,1828461,748789,202858,2
589181,276990,5,124,589181,276990,6730,2
143637,135856,6,103,143637,135856,438,1
1252542,736597,6,128,1252542,736597,222872,2
50774,19373,1,1,50774,19373,23053,2
19,18,1,17,19,18,1,1
3,3,1,3,3,3,1,1
931864,724418,6,131,931864,724418,197859,1
7319,2881,1,1,7319,2881,2794,2
3676,2427,1,1,3676,2427,312,1
438543,198562,1,26,438543,198562,10380,2
156733,72603,1,27,156733,72603,1245,2
176813,165206,6,103,176813,165206,635,1
26797,11849,6,1,26797,11849,4058,2
101,101,1,8,101,101,1,1
7,7,2,7,7,7,1,1
26290,11691,1,6,26290,11691,9479,2
1020380,779541,6,131,1020380,779541,201185,1
6977,6944,1,14,6977,6944,1,1
18,18,4,8,18,18,1,1
204231,171557,4,124,204231,171557,122798,1
5040,4727,1,38,5040,4727,866,1
71086,62656,1,98,71086,62656,33347,1
571,571,3,39,571,571,1,1
1128988,470537,1,131,1128988,470537,186867,2
19792,8195,6,1,19792,8195,5263,2
19784,5668,1,1,19784,5668,8270,2
18549,7953,6,1,18549,7953,4606,2
10192,5467,6,1,10192,5467,1695,1
959316,742175,6,131,959316,742175,199267,1
194453,95962,1,28,194453,95962,36377,1
10323,7340,5,1,10323,7340,2128,1
702772,385407,6,114,702772,385407,40601,1
2128536,878094,6,61,2128536,878094,217415,2
1659566,783761,6,129,1659566,783761,19023,2
314871,219204,1,70,314871,219204,3196,1
17249,11642,6,6,17249,11642,4865,1
60801,51625,2,29,60801,51625,50217,1
478061,250097,5,105,478061,250097,26745,1
70320,61989,1,26,70320,61989,1099,1
982559,459324,5,77,982559,459324,58029,2
2267435,1001105,6,131,2267435,1001105,234280,2
215979,153267,6,90,215979,153267,1257,1
400598,268110,6,12,400598,268110,100513,1
638663,462137,1,131,638663,462137,163970,1
35938,32831,4,118,35938,32831,26437,1
36088,19620,5,1,36088,19620,8927,1
1171989,618691,5,131,1171989,618691,221959,2
6,6,1,5,6,6,1,1
194517,167496,6,96,194517,167496,367,1
43469,33667,1,35,43469,33667,18683,2
29350,18073,6,1,29350,18073,12678,1
1041478,578398,6,64,1041478,578398,65203,1
345381,216374,5,67,345381,216374,1848,2
3,2,1,2,3,2,1,1
366,366,1,41,366,366,1,1
432227,195438,1,25,432227,195438,10275,2
674566,282212,3,96,674566,282212,53536,2
1056,1052,1,1,1056,1052,28,1
1239702,608562,6,121,1239702,608562,10871,2
516559,283172,1,70,516559,283172,4221,2
1309234,931458,6,131,1309234,931458,203671,1
7,7,3,1,7,7,1,1
36631,20523,5,1,36631,20523,9301,1
1035971,358068,1,83,1035971,358068,179163,2
45721,33611,6,1,45721,33611,23370,1
1670637,861250,6,131,1670637,861250,231144,2
642964,219753,1,30,642964,219753,140966,2
1,1,1,0,1,1,1,1
259,259,1,40,259,259,1,1
1265035,721728,6,128,1265035,721728,70666,1
16411,14160,1,16,16411,14160,140,1
1244694,623965,6,128,1244694,623965,11145,2
132,132,3,9,132,132,1,1
362172,292085,6,114,362172,292085,449,1
294949,243781,4,125,294949,243781,139989,1
10,8,1,8,10,8,1,1
307669,212676,1,62,307669,212676,3152,1
11385,6837,1,1,11385,6837,3451,2
128928,123598,6,93,128928,123598,33,1
1635,1274,5,92,1635,1274,1,1
84508,71690,1,51,84508,71690,2567,1
13380,9067,1,1,13380,9067,10797,2
1113344,516757,5,79,1113344,516757,65979,2
8560,6477,6,1,8560,6477,2734,1
555593,259876,1,65,555593,259876,9087,2
26588,10135,6,1,26588,10135,7682,2
179477,91963,1,36,179477,91963,5505,2
472,472,3,67,472,472,1,1
1053094,586606,6,128,1053094,586606,70523,1
721144,542694,6,125,721144,542694,193032,2
73506,64224,4,124,73506,64224,60718,1
202949,106725,6,8,202949,106725,59135,2
315,315,1,11,315,315,1,1
989175,582695,6,127,989175,582695,13338,1
388,388,1,14,388,388,1,1
1425575,699144,6,128,1425575,699144,12703,2
5631,3970,5,1,5631,3970,1013,1
26,23,3,16,26,23,1,2
36,36,2,13,36,36,1,1
544106,345522,3,38,544106,345522,157111,1
21968,15152,6,1,21968,15152,11740,1
146959,111871,5,82,146959,111871,632,1
4211,3657,6,1,4211,3657,590,1
785865,300539,1,112,785865,300539,79135,2
1179770,807384,6,81,1179770,807384,196540,1
34030,19826,6,6,34030,19826,18287,2
12580,5061,5,1,12580,5061,4805,2
8907,6583,6,1,8907,6583,2798,1
1,1,1,1,1,1,1,1
97706,69748,1,81,97706,69748,25786,1
357441,294501,6,125,357441,294501,147448,1
1173617,497018,6,107,1173617,497018,79251,2
406771,183388,1,21,406771,183388,9814,2
76350,66623,4,124,76350,66623,62667,1
1834741,850010,6,129,1834741,850010,35012,2
444983,363901,6,125,444983,363901,157090,1
624294,349962,3,70,624294,349962,7780,2
42302,36117,1,19,42302,36117,281,1
72284,40638,1,117,72284,40638,559,1
47,47,3,28,47,47,1,2
227827,210392,6,103,227827,210392,1144,1
54962,30983,6,1,54962,30983,10346,1
39,39,2,9,39,39,1,1
532830,244146,1,41,532830,244146,11297,2
1308224,518083,5,118,1308224,518083,140371,2
1253,900,4,42,1253,900,1,2
33463,29404,3,20,33463,29404,18904,1
1766,1487,1,1,1766,1487,1140,2
60202,39980,6,1,60202,39980,25646,1
692733,527251,6,125,692733,527251,188289,2
1328500,943197,6,131,1328500,943197,204630,1
1018166,528933,6,124,1018166,528933,5502,2
3532,2938,5,1,3532,2938,580,1
1,1,1,1,1,1,1,1
14,14,4,5,14,14,1,1
41518,36499,3,71,41518,36499,23613,1
817384,603409,6,117,817384,603409,109199,1
873962,400222,5,128,873962,400222,11991,2
25662,22690,4,119,25662,22690,23563,1
21,21,4,17,21,21,1,1
1047245,487611,5,78,1047245,487611,62027,2
3006,2837,6,14,3006,2837,1,2
20,12,2,5,20,12,1,2
1400,1224,1,1,1400,1224,123,1
590098,326505,6,20,590098,326505,48707,1
1265035,721728,6,128,1265035,721728,70666,1
440339,284942,4,127,440339,284942,59544,1
556362,235070,5,86,556362,235070,39638,2
66233,64400,6,92,66233,64400,18,1
740,739,5,38,740,739,4,1
1336720,521295,5,47,1336720,521295,204801,2
474899,268109,1,70,474899,268109,2908,2
1265035,721728,6,128,1265035,721728,70666,1
946777,447657,4,77,946777,447657,53297,2
1188872,872085,6,131,1188872,872085,204229,1
1054078,674126,6,128,1054078,674126,219708,2
442691,315489,4,79,442691,315489,6267,1
70911,28236,5,1,70911,28236,24872,2
32860,18189,6,1,32860,18189,6674,1
1753750,689996,5,104,1753750,689996,231016,2
95431,61974,1,80,95431,61974,10291,1
131423,54281,1,23,131423,54281,22494,2
1618075,659539,6,33,1618075,659539,188507,2
10,4,1,1,10,4,7,2
146219,125208,4,124,146219,125208,101395,1
62776,57998,5,98,62776,57998,335,1
933467,533757,6,116,933467,533757,46968,1
56,56,3,7,56,56,1,1
407630,312178,6,117,407630,312178,573,1
944387,732757,6,131,944387,732757,198562,1
144455,59056,1,26,144455,59056,26958,2
303,301,4,53,303,301,1,1
541293,234714,6,76,541293,234714,27357,2
88,88,1,6,88,88,1,1
36088,19620,5,1,36088,19620,8927,1
3442,3316,6,88,3442,3316,1,1
12805,9945,5,1,12805,9945,9781,1
105756,50770,6,7,105756,50770,12845,2
9048,4878,6,1,9048,4878,2346,1
96,96,4,38,96,96,1,1
8682,7765,1,32,8682,7765,5422,1
666007,336721,5,48,666007,336721,61938,1
108444,93668,4,124,108444,93668,82274,1
1079335,551650,6,124,1079335,551650,7136,2
653,653,5,1,653,653,1,1
6032,6004,6,14,6032,6004,23,1
26133,17743,1,1,26133,17743,2010,1
1329875,546887,6,22,1329875,546887,166813,2
2079054,856502,6,58,2079054,856502,215718,2
1243326,706576,6,122,1243326,706576,69146,1
17704,17407,3,28,17704,17407,1,2
579665,463670,6,125,579665,463670,163611,1
223412,147675,1,68,223412,147675,3180,1
13775,9879,5,1,13775,9879,5346,1
6443,2898,1,1,6443,2898,291,2
151809,130166,1,108,151809,130166,51223,1
619620,486539,6,117,619620,486539,142967,1
394498,312940,1,129,394498,312940,41613,1
174264,78475,1,118,174264,78475,1637,1
792911,451698,6,124,792911,451698,1738,2
1445,1437,6,42,1445,1437,1,1
686432,369972,6,37,686432,369972,14207,1
8,8,1,4,8,8,1,1
281433,210803,6,99,281433,210803,153,2
11,11,1,1,11,11,1,1
388990,141941,1,47,388990,141941,44965,1
1004365,590606,6,127,1004365,590606,13626,1
435116,356197,6,125,435116,356197,156085,1
20474,8555,6,1,20474,8555,5478,2
575800,348922,5,127,575800,348922,66225,1
633145,344127,5,127,633145,344127,11978,1
6556,6556,6,70,6556,6556,1,1
646068,296315,1,128,646068,296315,53496,1
8068,3309,1,1,8068,3309,3196,2
148199,102395,5,112,148199,102395,254,2
10169,5248,1,1,10169,5248,827,2
9429,7564,6,1,9429,7564,1434,1
1252358,713390,6,128,1252358,713390,59676,1
368258,248102,1,68,368258,248102,10268,1
853973,628622,5,124,853973,628622,184348,1
68706,29746,5,1,68706,29746,28641,2
11502,5157,5,1,11502,5157,1923,2
5709,2240,1,1,5709,2240,2377,2
904795,699252,6,127,904795,699252,197770,1
92152,44263,1,4,92152,44263,4186,2
119016,112287,1,67,119016,112287,565,1
1492560,627054,5,129,1492560,627054,74149,2
199439,87657,1,82,199439,87657,27933,2
2,2,1,2,2,2,1,1
1301464,516984,5,118,1301464,516984,140366,2
6452,4177,5,1,6452,4177,1146,1
595620,258042,6,79,595620,258042,30469,2
27959,27876,1,67,27959,27876,31,1
1505137,813776,6,131,1505137,813776,226954,2
570828,261536,1,47,570828,261536,11541,2
232899,193781,4,124,232899,193781,130214,1
284,272,4,73,284,272,1,2
167,167,1,10,167,167,1,1
466723,341409,6,117,466723,341409,913,1
1036227,691383,6,53,1036227,691383,186219,1
41488,40600,1,25,41488,40600,739,1
1711033,868881,6,131,1711033,868881,231700,2
576202,353963,6,127,576202,353963,66055,1
235930,95946,3,9,235930,95946,70161,2
9138,6535,6,1,9138,6535,5268,2
42195,36771,1,48,42195,36771,17953,1
3388,3110,1,23,3388,3110,1,2
1412,1407,6,22,1412,1407,1,1
4567,3339,1,2,4567,3339,310,1
381471,141216,1,14,381471,141216,102419,2
22524,9886,2,1,22524,9886,1855,2
1265035,721728,6,128,1265035,721728,70666,1
276307,156686,6,11,276307,156686,30524,1
22403,14164,5,1,22403,14164,12395,1
1916,1275,4,51,1916,1275,1,2
1301398,507422,5,44,1301398,507422,201435,2
50931,19784,5,1,50931,19784,17807,2
401440,204905,2,102,401440,204905,21782,1
5,5,3,3,5,5,1,1
1258840,464764,1,125,1258840,464764,180289,2
216458,101794,1,37,216458,101794,1934,2
4673,4314,1,7,4673,4314,99,1
18,13,3,7,18,13,1,2
32903,21938,5,9,32903,21938,439,2
174394,163027,6,103,174394,163027,617,1
133772,87346,1,8,133772,87346,5825,1
953857,518480,5,84,953857,518480,18475,2
451923,369419,6,125,451923,369419,157684,1
2928,2568,6,1,2928,2568,21,2
480008,340572,5,82,480008,340572,4448,1
1486701,696465,6,120,1486701,696465,21159,2
20,10,2,1,20,10,16,2
69461,59981,1,49,69461,59981,20908,1
803198,581782,6,126,803198,581782,204856,2
71045,42745,6,7,71045,42745,16721,1
1463611,575403,5,60,1463611,575403,215358,2
4233,3338,6,1,4233,3338,2581,1
827806,312590,1,114,827806,312590,87063,2
2150479,945490,6,129,2150479,945490,77524,2
2292481,975333,6,129,2292481,975333,93515,2
948729,381296,5,110,948729,381296,88559,2
1772,1504,1,1,1772,1504,1170,1
751748,256747,1,42,751748,256747,154909,2
2,2,1,2,2,2,1,1
414919,229318,1,107,414919,229318,50729,1
11226,5161,1,30,11226,5161,1701,2
619224,225225,2,19,619224,225225,136116,2
1004223,523568,6,124,1004223,523568,5042,2
370499,308320,6,105,370499,308320,65417,1
655101,404774,6,118,655101,404774,4479,1
17729,13391,6,6,17729,13391,5804,1
515205,282904,1,70,515205,282904,4146,2
122434,101474,1,45,122434,101474,877,1
1,1,1,1,1,1,1,1
6,6,3,5,6,6,1,1
12680,6159,6,1,12680,6159,1416,2
5390,4969,1,1,5390,4969,30,2
72,72,1,4,72,72,1,1
735371,448592,6,124,735371,448592,6882,1
403852,199370,5,11,403852,199370,41739,2
23,22,1,5,23,22,1,2
727985,259131,2,25,727985,259131,149360,2
