74,838
497730,297013
67737136,31427248
298,12
952996,

67,515
1563928,1141529
8847357,4344670
10011143,7987245
333233,381253
246,46
2752022,3311512
5228171,1038381
1326714,2706674
7690,3495
1719813,1274246
25245366,7451973
3056498,2990419
160414,267611
2108,3303
19,8
1186733,1312009
71946576,33316050
10437696,4416021
867661,1215398
3924,11017
15125647,14570665
31,325
18,143
963511,789644
3286316,1214571
175083,136323
26971630,14469750
1771585,1011676
963088,714822
2670141,3056412
2707,5629
901345,956615
27,2
415015,435786
4146135,2929788
13251408,11216419
5878068,2235039
1264,96573
1299226,1152615
5653782,4172273
602690,709850
30419,15207
57658,42883
5744329,2889401
27829,12001
460658,549622
6892,22900
8,33
98710,175118
2349,222131
18763340,7657830
4654490,2192596
4958012,14887750
50,39
617636,712963
161,12
17422002,23501220
64066,12691
464239,131642
440744,96943
78196,52890
2159463,2310810
23,42
104294,81344
2553193,2370751
215590,56946
4188372,3671545
1500305,741932
4568075,662416
6167,213
16155525,39982151
419,398
1826718,4198516
1684498,744542
32,2
3965426,6646317
1361316,843688
74705,49402
46,2
38,1
9054705,4072192
12251995,47016857
20437,20114
1047015,1042283
25,59
767,20754
1375950,1029245
2293903,2016503
8,8
1089,483
71066344,22363041
2502953,1892838
47,561
19113644,28177721
2491113,6081642
15817,7261
4322896,5995389
292,19
64932648,24382536
9631662,33128308
33,2
2116431,2314071
16314627,20032173
5540812,6694220
1691996,1556102
8990412,11429999
10456,12698
2157658,1194165
30414170,314536973
18635868,81818979
48,922
333138,203113
1180278,624234
9724810,2728943
1637694,7567967
370,149
4449358,56848525
15091842,29586445
1944739,1879167
5919877,5157644
45,33
35031076,177494679
130,355
162610,86532
3056512,2990610
314,77
3972292,10169372
1830576,2848793
6781285,6639277
779946,544532
463057,120023
266008,1346178
6617687,18332497
124,156
1289141,1997146
92029,387979
2886122,4479478
273,45
674542,744010
293,42
442544,258248
15,210
615907,393813
21968558,17363671
67986,85618
23259874,28150437
7317892,3932302
1951297,1935005
24322680,12761011
13665638,10031889
3837149,2697169
10921684,9847312
128418,106824
8545999,2945450
19982122,35390077
5652300,5291581
52502,74146
17099962,22791697
338502,459573
1127,5674
257866,2088756
2490039,3246200
2178,12632
790,72446
3243024,7813854
40,14
12259,27192
26897,17561
2330427,1543595
909912,278473
1998530,1345620
463,1143
30587822,8770496
13314416,3985017
61394,77964
1097176,1056939
557445,740622
46459,29660
10,1
21469974,12500073
693316,413446
7301126,3041298
5192564,2599585
687,1520208
20161788,133915414
2372616,2218831
1396586,1267919
8989743,3476378
48,429
24096,13130
32328,69236
11724857,2575581
9978,4694
1948997,3433275
16773665,146979016
401228,116706
586761,269383
9445405,4361932
3484742,3376865
881268,795055
106551,22432
34795936,11957367
565257,129336
2064218,479803
198947,258870
826477,488154
27673,101317
5630,33759
572632,313480
22711050,27712580
4267764,1674159
1518093,1420415
8490345,19778058
7695,21316
6539759,3674270
564754,409629
113457,32576
58082,69434
134781,420042
384,773
8,778
256,429
502,314
13226913,58986126
40618936,12670688
4977346,1303666
3158,10318
88728,49936
1392578,450441
388,155
8943020,3411365
2250644,1357579
4686458,2771514
289358,336309
9235177,9949305
856374,610917
926057,369694
1035638,442387
10266,32529
198288,288926
1324246,4494302
442568,442278
7835124,9057189
183436,87344
844364,659386
7747,21499
9041468,19953519
319,16640
1752092,378799
164394,81160
46321616,35495160
186686,458296
2149584,680091
358356,433169
117,982
114855,131640
533951,378876
1232,1602
6343,8594
550041,194499
11576639,3347285
1308,6128
13431286,17454365
29425336,26663241
1797619,917195
17346204,6771894
161243,322839
714,1930
11674602,23998365
222,20356
1255,3928
1593564,8155239
2165402,757992
236588,255300
142,35
1041664,3402734
10259835,3199424
259526,148117
133,1650
8616657,4568446
106,93
811924,499840
2435145,2388210
20801158,163571133
729034,390941
338,132
1064820,1082138
260250,517333
23,397
29,5
19019456,83791280
970028,1660869
358095,1076953
49,297
22,1
3016864,1748180
40,87
30,12
1678132,1237707
405699,328221
4,2
1478740,1765741
2793825,2504778
3897962,10453544
62,17
1303567,857942
2828443,2726265
1742867,7324555
2677,9842
2538383,1248879
10068265,17601365
4163641,11160062
251,38
611831,582731
22886248,41903582
2869047,1069051
1842,777
2349666,2137953
5,5
6569294,6701798
6907204,2422668
4152,2785
21,152
371,313
5966307,25498396
431648,458418
5231826,2252536
648963,665228
74363,93082
10457185,27217405
3512934,4891061
210538,97842
1513333,1426839
10989407,5093894
11911018,6989602
671512,554134
921718,1108456
35,1
28,26
49593100,184062220
90991,23119
92478,169569
8901904,1721700
60,44
4918265,1057866
20774868,60055286
4879,5042
29,15
23050664,28808107
3827862,4715345
1201813,361427
47,2340
27013748,8269208
281637,729031
570179,1696420
75336,499598
26795346,31241811
1679057,2418890
829010,822645
1021,1163
6062366,22788070
31,23
24809784,15356047
24151544,117331447
10463609,9233840
314177,383352
349182,408662
5510128,1747317
7498421,9536222
6304436,6539903
111199,83685
1767982,1581674
529416,364715
16371952,8246266
2413346,6569607
1273376,798359
420,174
238,42
334927,1081773
19922,22338
5186100,6384033
2834097,3529832
2941068,2148400
5142675,1149553
280495,116285
8840651,4209924
428817,322988
262833,135565
637156,1012740
462798,295368
28926956,10808855
371085,386906
41450896,18038074
2510,2438
36,636
29427190,25009887
13499,21203
1320098,1262230
1266406,1314151
6373308,3557392
31465684,38668961
1976927,2230863
2755544,1886579
523,1815
6812048,3224306
359534,313244
49346,13961
10,53
10525641,20289593
1419170,1602477
488,5
22303022,10699647
409,198
3849160,3269126
2375692,8958418
1924649,2155279
2981602,5282211
15088102,28667223
12600138,4178571
405,3377
3066,84
19,25
485,809
29,4
53,4
21,12
371816,122281
1978721,555594
3840063,6734607
1385998,2388929
56,216
22099,27931
341018,271772
98763,111888
7254292,1985670
3559932,3182031
51,1
738,9
138403,422368
426489,542199
10199253,12670688
24,13
119804,1506232
183,10423
85522,208438
398119,184692
392,143
118195,92962
6048415,4411556
6061280,8862210
7764,134
803086,829552
169779,133042
543,96
1151537,236526
15717898,11952549
12291365,29054459
278033,340690
1416945,923627
640695,260933
1746086,1601485
4085473,21334377
2864405,2716578
1085952,964327
99,480
627894,673287
6353,18944
179,115
10972422,17895478
2256380,2573351
165338,242392
920021,834635
16801138,4213440
740349,656031
468730,425568
238,292
357,132
12056434,10352430
28,2796
5,1
25,81
193347,245664
1742088,1072779
1081135,433035
524044,391392
5203202,4800657
5104962,4008495
31592,49435
2805560,2680860
2039,279
1849290,2319573
2009800,1299763
2540078,2339935
226414,156255
21,2
4533684,16464942
875509,923233
2332970,594081
215,51
6800384,4574556
732078,761277
4388334,5915090
10105165,45587737
5698272,10878594
2363370,967618
87976,296936
2210264,3444704
7022,7491
1388934,1498400
2626,12314
1210407,297845
409536,456138
43250,84006
133,2642
31,13
323,90
176540,192924
3914931,3304968
41764604,20142265
5351914,3675368
15,25
683,2898
27,4
3803572,5352803
3616416,8520915
400641,339001
2150205,2550029
6393,4084
1255058,1227117
1668409,1140343
10674,36030
62944,77481
11752284,1456783
754,10853
2363,2899
4409490,1160899
3483546,1458646
3309040,3170677
186,1132
101,17
287390,340395
132322,106471
25989920,59579044
1624,155963
5419805,2418768
487,3187
495088,532440
1879230,761583
9491,23242
558,1325
3237653,4931518
24265362,115517611
42,605
10351078,3263146
7189586,7527985
28,5
694740,369034
27972,20287
59,98
664268,3660576
12774710,17867643
489,320
1634224,1521034
481702,366295
3102751,2003466
51858060,24518851
45,234
1323507,778693
1361781,1073035
18212,81787
731592,444022
14842940,22445083
4667,66343
4981016,3359213
9,255
2786425,16882175
913666,804870
108454,155441
3250483,4371002
160014,372972
2376034,439394
25844,58053
10564943,20826748
419,8
1072120,626819
123,1
17101,906
113,8
239805,283587
208822,123482
9638,3023
7852854,39777797
1236147,916636
112,2638
433,394
4997932,2208353
156258,42832
511487,281680
4393389,3493257
2032786,670880
674,415
979809,1055677
287356,129488
38370116,31639911
5330652,14222263
4277796,3239581
43,2317
4186894,4124456
9955807,33143860
17538192,80033153
525825,443216
8488815,4010840
7051064,12670688
171209,157938
924635,1149705
43,63
118376,198988
459193,212581
150,32
549,569
1679832,1458768
7719776,5213690
48681,31596
1345786,544781
6422,6419
4894686,25273270
52,89
20687326,123115091
30840432,91517608
1035404,1419319
11958093,9303390
692726,828150
15770359,40898313
2027196,1117278
503630,468652
1066523,3671810
30450,50895
12792217,3912984
21,86
271595,609507
3337,8633
3293196,3334069
2,1
941126,836373
229445,192360
2448,45459
1865720,3275278
42169,88164
71702328,22583968
1278414,481721
752,187
148226,77236
367936,467218
306104,329612
7327620,3158185
427,40
8613272,13927603
16088,4047
17391226,40379503
16,3
5813404,3727531
2792,6
2923610,7435244
42994056,149446180
8211,69284
34703,59798
2384,402
3086098,2181881
117,87
6078438,7179208
4920868,4482794
5274646,4602162
65,3103
14235379,46896467
7408,6903
250026,268638
18785828,8384062
1234884,446318
7676366,1848109
548786,240239
104,2
3285802,6393233
31,30
7421254,6691426
54,40
26441,19336
100,595
2746474,5586426
30525578,12670688
8514873,7025688
13,7
431,1345
54240424,23196348
6428736,8545506
17,38
4190762,5308962
16582800,134393762
18910250,16876853
57270,29482
126612,166786
902073,863103
520,2548
2319080,7180209
3844,9377
8648964,8314177
16959058,8059730
2316189,5156773
18065,23577
2248,552418
9388,28274
35,363
12659663,14850038
1665182,3270867
142600,93650
4883542,6383804
42,1
8701033,4042699
14141,32274
2317446,9716746
100711,52912
640770,492940
777256,609744
7125511,3819517
15134766,14420089
8458,64958
15937,540
16,1266
16,44
152338,124695
3008704,2044854
2608402,2638849
1608,1056
5446562,4616943
1592,166
267446,181521
11968727,10643834
714480,251911
31300356,13746153
9,2
1733812,3726917
3558115,3272745
259,187
577678,1378859
1763395,1197515
14998724,79644466
2118,5479
8779620,46329281
9,2
27659,62186
4243442,10519795
102,7
47,2506
4735798,5070118
332,375
16366,5133
1543278,2396567
10523213,20981887
66,141
5155,9531
147750,79176
50762,19046
349993,322949
8764411,11265853
173,384
4520632,10246670
16441453,10011427
584424,808000
12178093,12670688
2461609,27429387
1560521,5367917
4945200,3402996
109713,36756
1157,22152
787241,402292
21,4
9500,4169
59,115
18119058,50644483
15026,30771
1243130,476184
17926794,33664126
330,62
2560,5651
4228,7116
9975157,4049306
1588254,1193785
1192611,721572
3137733,4948090
294630,166878
13526434,12670688
861149,709905
16233269,138166212
5383904,6715099
6780949,20981310
6177,98520
130412,82399
23099826,63529435
68,18
1883233,1981036
4846754,20771733
7955,16123
126,191
6141,4716
39959840,176044442
12159340,12670688
1161650,741143
2815,16776
160875,22803
600316,344179
1812024,1274246
67,36
383,6600
2909,390
42,1682
2079926,1852043
1163804,1041462
729,18
15244,32289
1799257,3184187
353407,192085
13744477,20767328
31,144
174,157
8854726,4261487
2110,1437
1716899,853608
32161,129503
7670,29870
4020159,8162330
44724744,167151752
321221,377014
879596,555659
215985,153226
3242990,1361162
26,21
3778452,2796598
18753144,36961456
68013280,395263595
38636184,219676642
1184762,706849
243127,852327
6979160,9910492
211188,510268
229260,35514
92,888
88,4777
307,18
423545,297338
287328,552987
1151786,1550870
10,561
103137,85688
1056692,1695505
19954090,16806250
24240012,7450821
489241,183913
1395381,2986350
938,5529
28340,3528
17872406,43164476
15,85
6848147,76368893
848424,829617
16,3
2862436,4162962
1046763,1553473
624392,630381
9047316,4447994
17,7
5707959,25441217
29,335
865310,334563
1131449,807143
7632450,31345176
792836,650095
391028,483010
255054,325777
210,132
91,3556
583761,805907
4018388,1644292
1747,41308
70086,18769
381,212
535643,733922
902855,1505791
1895923,1794865
526184,377435
235730,170883
146,701
14006585,21901236
3253761,10739246
222745,347628
10712502,2164274
2277,10287
31099396,7895619
234,170
446746,651952
47957,68744
12894,103034
43,1743
771320,1378845
34902,10844
198129,208074
110161,994340
2557,6174
15185,13749
290348,268358
164720,19181
720834,1958166
5464600,4495383
905,907
7562776,3158642
824671,1303432
2736910,2487826
1526439,887547
33690724,93002803
1418891,919729
2695966,2026329
13874885,3968204
1057390,905357
6167897,3798161
1901011,2552971
195541,221676
227588,239676
7360,68918
23201,47793
11964,42210
561218,647995
2753377,9806177
253209,307201
102837,94506
16120433,145296313
71815920,34441731
21,5
3175900,5526243
25057,18478
19531,60929
247987,72210
8398,59157
2750776,2606582
965547,631886
1301010,914503
303978,736758
1460470,1748301
1194420,1220160
32633,42284
1274,204
46066,33450
629271,908692
2759836,4977560
308057,238930
3093848,842033
731,8986
19664,62712
27598452,15144871
3262393,3142388
8526705,4526792
12149603,12670688
8880418,8633795
105166,56697
435,9780
106046,93958
125,10
646771,1087653
583,300
487,361
2557721,2423907
227850,122018
3211,7652
4,1
313166,745531
6273,68910
49,41
116,15
5990156,5275192
506311,178657
34974,15919
38823,13472
8980437,2582792
3689474,4914158
12603791,46736963
62143,87944
471,413
21,150
3067931,4189400
7252058,1525015
1964438,1274246
2498,13951
1109831,1019997
2905689,1793656
281,2361
371560,113106
11431317,44853506
25186,30067
66,108
15888229,35431607
1426494,2930362
117,74
1399128,520584
4517818,1649812
34,718
116730,106159
16217,1302
2229606,1098747
72645280,235571720
390973,390589
7519332,5660012
78,2
7621125,22039208
12919502,3858632
2787111,2592293
3510025,3167448
11714105,27172099
11664832,20500552
23,18
29,7
10557127,3279323
544411,442855
824982,742566
888,15511
4094909,4117203
6301,5919
226,17
1897506,1263686
7596222,2186458
1515535,609749
95584,101096
391,939
184,15
38625356,16911067
1200673,723318
4167216,5680273
11157676,3434613
69,4
8174,8651
4402712,3379892
19,4
401,3058
32222072,204832488
1120778,676155
65717,77744
39,43
134618,69165
3129658,2304759
423703,493795
3202024,4827450
3334514,8001443
1712669,2339360
151005,132801
21348816,113196558
2099408,1274246
2531932,1085696
200,23
2840231,2130031
36,89
36249,70131
8253417,3937234
6386919,3445963
4033,3026
1011686,810422
1710,799
27032200,93925258
5284066,11395781
115149,55020
7762047,14320684
7121490,3821525
245,91
3652787,3198884
9356,21511
15274461,141992727
2979212,2294388
15426445,19521327
2043012,2106306
18994080,36024322
329053,305116
39853,39237
2578298,1967792
20134274,41885384
619,99
6675419,2544662
10110,12612
9444505,2841425
9017202,7521848
150218,163578
583753,689964
34,3
2109262,2478341
64005,57583
23,467
793252,569220
1138378,431436
18521976,62775861
29339088,30530824
857,8345
752,11661
724608,195961
1643290,9639324
80122,141856
222,2766
9003831,2101276
1694352,7299978
28628962,155226314
8670617,1411230
4039444,5996434
7218,27462
322046,366454
9091236,18886765
5202,7686
27,16
1705715,1292885
456542,185594
1152914,1086937
113095,238004
49494,58914
8824369,7029930
1630602,2891180
794,8501
22973196,18100361
11245979,9713013
16,109
28491578,15415789
288,2912
1416711,1568877
70,1
16474132,7444655
11894309,12377195
9,65
2366344,2350055
364926,372780
35,3139
1868540,8579141
9065280,4109355
80,23
969,2550
8,151
45,1602
1648317,5905071
5265816,1208402
16097666,8189474
293942,192317
1332654,992990
920120,792875
467799,500278
60,43
11763452,55062877
4706523,2391817
640843,610248
395910,480296
3989984,2353413
22917,43026
106,3415
41799,59020
5578878,16935160
10327,19752
1807502,1274246
422447,182326
19703946,21465639
720772,869551
37025,16045
16,3
27727616,9745109
65,46
8766108,7450433
394508,225937
3334634,1366388
586579,259120
629445,719854
26344,34299
502,1152
2134506,2861593
36,15
5385300,7508267
830,21120
14463,106330
277659,490511
66,54
2945514,2272954
1844678,1274246
308171,86536
1183662,1060799
111,262
5367821,4706589
40488,34890
3558275,3624263
10750123,9297425
3343261,2550704
123,1035
11275814,22069968
3083565,2955329
1030603,1010816
693426,998259
64,1449
38849228,12073610
1273897,1257642
11773037,19897165
1425661,2061385
10895738,48113797
11856,29669
9500713,2540888
33119598,21537017
537874,253317
1148998,590310
27667498,28607950
14297,11059
1797167,6337107
1179,2077
7110834,3817896
9130,43084
22430,9640
706,55929
1561664,1231412
9832651,6470556
137127,74401
8593588,5557176
25410584,171670240
15379,926
9499879,3405656
5895949,14061790
680121,1009925
148805,719681
4615970,3520403
1255480,487741
1917231,1816415
1026619,627161
10536187,57369295
406273,440531
3642219,2188849
4467148,1177602
1014640,481054
962003,714775
33,319
17308,11168
21159822,28388630
313710,237089
783194,299040
1307167,1087677
3145151,1924468
7920576,95822163
11909269,37460636
5317,20944
11966741,9348982
604805,220101
626,307
1339,933
8557294,9255825
8127320,10309363
302559,233335
62,118
2170385,1286004
5480796,5787495
826311,1250614
86,1
44531172,24598707
124,126
126,2
713150,774118
191,301
44,81
1169919,433669
5999704,9123452
1793407,4509020
338102,243432
2598237,3029927
1478948,742689
645379,827091
5896281,13947885
34092544,77105179
7,11
701585,1179391
206185,264782
5,3
1567446,1274246
14,183
50613,267031
29493722,27741299
63162,54952
680,3351
22129164,125771922
394,623
5681023,6279017
572930,331197
50,180
7,1776
23,1
7070,9742
364,124
22792720,7357451
102270,164911
715,21300
1594202,1659268
1380,10178
482686,242913
36,6
145087,174603
55,6
15598883,15369877
19209254,35943689
112118,49062
9768479,2269807
2168421,2420446
1601136,1808399
1081857,1835008
2213563,2429483
873988,611930
171,2
438858,324600
553721,313416
3447348,1342773
27521284,9396653
84787,37381
56533,53067
2112010,2145822
3834354,3495114
1188476,318775
5116830,2157905
418,24600
3721,8164
3051220,2196840
11,154
296869,461797
2049415,2677141
578655,601607
2816277,1287033
2790526,2636554
31,42
4861,16060
8334246,12679125
8843948,6180931
117,29
4526780,3478012
226448,135535
72,20
170842,108652
25331,6793
1747,1433
19961286,16819208
63822,10106
133299,145747
7897872,8212042
41,645
7823320,1129120
30,144
2506792,3085879
15520948,162858642
9032883,23612720
50,1655
14595272,15313530
12485831,15388371
6224465,5900815
3100994,731955
5451020,4798120
66,1
11892086,63667267
41,39
2946905,7320605
977727,1011354
215873,280306
126350,143567
20071696,48851757
3296,3761
657,1465
28,54
22130640,161050504
205,6
4720062,11954185
1060298,680363
340508,565980
552994,268050
36477792,57791271
13350,16385
3469,3844
9066387,4544210
67016196,31720191
14387587,18417760
11,56
1876050,1190546
294,37
1533260,1194168
3257627,1647983
1466652,1117600
55161,33229
689213,705019
830894,919315
31473,10434
146970,289461
8735230,16236638
32012,145
2638,401
3697664,3312722
6,1
39756,36929
4682214,723936
50,68
7733202,11245281
43,399
309,174
37398364,25974548
13,305
242,292
53609,43123
1893253,1977695
1187,10598
5726,32372
22626088,12673062
14830234,22538621
5650258,1123900
4191761,7755803
4514498,7112129
11,17
4559,10304
1551259,801923
3981071,14429465
235819,73774
291982,176075
1325203,347710
8813176,15126246
3301,481
12411986,23909157
17513,38647
423963,413666
59,34
4709127,3567050
5838223,3215505
1030566,974018
91609,54660
35,116
966536,738091
15123281,14524145
9507619,2903811
21,18
25000,59971
5852550,9280336
2477901,923828
37227,17526
2134,2022
2037109,794571
7971119,9976778
843373,187995
5280681,17449229
60095624,17200279
3266536,3101431
52,133
5199720,41826111
12552,40004
2273926,1345374
2501304,2526978
5303599,11513909
13601280,9451286
240649,266453
105102,102338
276708,266374
262,178
757026,700468
1657073,572824
23,9
38571980,134455885
60,224
1878114,9901870
3724,1425
5372,17752
2356532,2171877
291757,604100
15360033,21542832
157,48
1516318,2813791
6683,1703
48892,20918
69,147
1800969,5126154
10244074,12670688
3306,102445
1876698,269247
31,1
949879,683373
278395,514397
32930,22925
2710108,12494618
67471760,20373717
10432620,1870752
752139,887235
1398231,659015
3059066,3049296
497,73
698,895
84,3
98502,138019
149410,34596
218,15
59979,100520
9145847,3515245
1575744,1244469
91334,42138
2011294,1905665
1375567,1440214
324566,496765
979,410
1237272,773084
27661536,28557654
11250121,9734625
1566193,1224837
165698,36660
3419947,8349426
1429529,1274246
2862658,3304867
35,290
693039,601626
13953,16006
29744554,27583753
840962,903904
6,7
4318450,3679514
328112,154778
1826173,1132106
11831,131759
97,138
302,1699
14886573,100094515
660,1894
188,449
100147,39838
12030178,21238025
69,26
44,45
291708,162031
299381,129120
261891,348321
10108731,27825240
11561346,4300983
1918740,1163985
726330,751467
54,48
2522196,8101208
8840053,35182975
245,723
62,602
17135680,20938567
7860962,61133040
849093,1429100
137720,63771
934,262
22766910,28421208
32288,91330
6097987,8370000
306897,202236
3859592,11906789
73974,127199
279931,205803
3847,225
1005830,1476939
1277794,1281573
4036706,1002349
8176609,15071506
6596238,4709454
400407,343036
4069460,3336038
341030,370833
1881058,571138
114195,164111
1510,4659
147932,88856
239496,138672
4832479,2381180
3184666,3002793
34934456,12670688
378,699
4122628,4434889
396388,320659
3288,6464
15656380,21318452
26193260,12670688
85921,56579
422043,681850
2054573,662213
5674715,3746419
202795,175871
145,5761
14121905,4086471
4181874,2595968
778929,1190424
25261696,31785949
7710968,95475019
6093691,3011766
11084517,3744598
452336,559185
16057,65108
1578755,927775
1874334,1274246
32,14
34124,22146
49604072,202541827
43,30
3393,13007
7275049,32712991
17,200
35888360,133973517
1704101,1461684
1190319,1362404
5363584,5453192
28430834,30632871
43896,48093
88,22
94543,71951
187043,138617
1205877,1052228
291,331
295113,400437
134,323
10361132,13455840
1900226,8147427
4654978,3538848
25927236,8425394
450979,503332
456,1092
73,465
3627937,14806659
3655146,2574060
501360,754670
68996,71025
33541076,433559077
10277051,15471846
89,482
1745,26698
5274364,3649323
13310,6963
6731240,22254183
702341,349314
2342794,4902610
265685,280503
545461,344709
13964543,10502715
3607,2651
495742,611169
9226551,2660732
1169269,1073704
1689,2511
27917,36174
1301190,1857471
46,24
4097827,2846661
447618,1513041
3595796,1656965
7202756,3502095
5070744,1774819
5278304,12216494
6974528,10204622
963914,234863
782,427
1383986,1636369
292425,392704
8688174,3203732
1396897,1134591
744767,1487773
27930,29744
147505,45945
138756,90067
4599,6690
941334,953509
635716,596677
1009830,904776
264,168
18473956,108264382
3514174,5070101
123,97
602849,382939
15066390,4297003
488020,144750
5005960,2465838
221,78
1323328,1260916
81731,40530
568,108
35,12
172,1190
35251,19109
23346,29568
597719,412497
130,400
15374,16991
165,30
296388,192321
248,533
2340164,2205835
32,12
8,17
70698,62338
8707135,9021188
381203,154035
80149,68379
1029111,1776818
5737687,2869002
700126,722711
18,966
30,231
60,9
5541188,3082846
227,10071
1740564,1415687
4769510,21866280
16699,189629
1491848,506277
1274,4492
5907397,4702262
2072970,1152708
2073600,1539843
379108,28067
413544,367622
12930,19725
759189,485199
19701618,16773187
37653,11461
3297662,7748435
1305305,422830
26,22
1328678,552862
1026,2586
143003,143028
19,1
977379,899395
2766025,2090311
4513280,1201791
91,7
16066441,15278341
24035,129891
542,109
15349371,2818668
53724280,56467254
19,63
56,2
869453,484323
507,385
8153117,27981306
111,35
59659,114331
200961,111888
935089,1081567
305429,189656
13887382,26101850
140976,86826
540,726
7494196,2010943
13,5
14236,731
434,13376
34842,66698
169805,224912
48,9
2036455,2578140
197328,200341
3711322,8155629
86,1524
33387888,25771298
144817,83341
11023795,14946666
13689875,6003621
111260,99214
9207,9481
1782256,1761339
1116449,2892583
854,4763
60423420,22253129
9850071,5605381
700834,5116993
902134,1028500
30101,9406
360,1980
7543069,3430125
4236414,941151
1574176,1577979
257766,223427
269374,199076
109,13
1244938,1553487
27,347
5448100,7230604
1088947,64101
483,487
3501760,3346065
44,779
4421715,23352154
8998096,7421510
2861874,4141386
3860888,4210919
328302,383861
155214,170339
6046338,3784432
4947215,2362469
1919264,1878221
272354,232749
6494277,10926366
8543171,2414214
2242112,2420350
12390864,14360723
1199468,1273184
2067741,3021251
4086314,11171678
2741471,3287802
312,637
415398,483966
10929873,48830895
87,1
12,656
164,609
1599958,738068
9540754,2462042
48717,11709
36264,52545
3165356,17613592
7813,1350
22560718,23870265
1255744,2826499
4936,9437
80,54
339834,417944
7275479,6535964
782160,682527
11094267,3465448
242,108
80744,37055
10247221,10215855
603305,57833
1380,4165
60,8
278009,278025
176,24445
66,53
168021,141456
21555486,21642239
8193189,33258175
426319,455074
356,1748
276,181
701031,849974
8171488,65653150
6750282,17288368
725897,568458
826402,1376446
674671,1005989
1229,51399
11,11
1073776,269233
116,3
83,1
123661,239324
246089,496758
1687,5258
1934482,652956
70222184,33892929
20029630,24534243
37158,83514
1724,2401
12906103,3851735
584095,550652
103434,171082
2051180,740451
123,723
198024,163497
3313841,2440735
1176,5946
701114,746741
133,68
273365,142233
545734,369093
1584,1609
838104,962277
590241,1234891
58,43
1008782,1082953
361949,122728
13136428,4161543
338638,83967
79456,41418
2040016,1494318
103,3469
536944,311847
5205251,4586697
2457642,5469762
12062575,44884068
1504929,2325689
8436540,3995193
243116,95862
50,4
1030,4654
4265957,849012
36,506
378021,373402
37,260
8262718,35463041
102470,172494
1643,10884
16350825,3560342
618766,3481364
4515,2172
36,2
5419,12483
1448601,59506
3225,5257
2021131,1314176
128,40
9852,4142
2420205,1407181
3702096,3488504
8947627,6378299
514736,283940
126,30
2564237,2679766
2606969,1938219
510306,278245
8459696,4330775
9313843,4388540
15332,39686
4605936,3445209
2169489,4542806
25903116,29287048
1692706,1455833
181,2
310,1302
227022,353001
591708,378133
13229436,32996314
11,230
652,3
51,415
2448745,10480442
56959,137108
21,4
26,7
1749359,836428
6487826,10138180
1362095,352616
8951621,7612619
185658,13527
90,65
361237,302548
99,25
1017079,371120
190176,67995
1425589,1105906
7966,14139
4524480,23985495
12426318,4223107
295670,149008
9821050,4348577
211,2193
1472616,604056
214442,19707
1255945,788173
19302024,19327272
3213331,4239444
643668,145165
3693188,1216062
4735,2323
387332,213541
3587284,1580506
4328164,2736148
397209,238834
27711,34560
20138076,25231996
67,239
428164,278418
27767310,153504199
10,1
574310,244582
5924678,3444999
389598,136572
10632260,24305210
48,5
20581022,123954107
7842997,13842209
22891,40609
410,154
32,90
29,122
1980182,1643614
64,108
443948,52790
261183,179982
576897,742525
299444,347835
30,25
95,35
74813,19403
73708,153241
281,6148
3448483,2992268
369,4054
602,6942
777302,247424
2925512,2912197
702602,2556644
1940552,1781571
325781,555536
84,1
1798,74514
150,6
2116423,2769140
27141984,114611775
830946,4125516
2938755,2784794
7301865,4367171
856458,692621
557547,93894
265990,256294
9626832,2954175
1167121,3757185
41038048,383595361
6647074,1494952
645775,568847
461,1859
113,97
3045,5214
10141,10541
1445792,1038752
1310859,1211129
8963752,4201607
1668002,1501045
3246542,881499
835539,1798209
1268808,418635
2789578,2541846
993677,683161
665831,457568
1347898,2395835
1148603,1178225
385176,499412
34439128,203949681
639467,850068
1365488,470351
9145847,3515846
657,12219
5834466,6436446
6829793,10091442
967,1776
2118762,1145745
19710900,20984623
4763860,7042373
158101,351194
704357,962490
4091572,3071180
7226417,15513403
22719628,27745898
669373,571879
2393168,1900694
68759,128681
720275,447476
487611,536763
229,2
4127,9377
489,95
431223,209862
38,1
24,1
3975437,1890789
1419354,1188901
1968792,800670
12133577,4447472
14725830,143529754
319669,374721
17618326,149522368
302531,234152
16859112,61691330
12508,71798
33,127
43644,55815
22455408,121293385
2330558,2126803
1838,3138
1368253,657363
95218,39468
734894,550826
4741058,6679288
70,2826
1847393,2662516
8994133,75244346
3211652,2560345
31638524,13915736
160483,72287
764367,2167301
1709994,1177446
2627418,604722
40,5
28151588,69745102
196123,467830
16,33
58,23
52164,15815
12883427,45524551
1297,104836
8300296,1834102
54942,27116
2476658,1274246
3867462,1628608
27780,140095
73,1888
2995,6839
2037896,3231295
1883725,2419813
3808,4181
902745,1450495
5940871,6335879
1420547,1104013
41249068,12670688
21070,18
15551379,109590869
11,26
67655,105676
3334933,7317287
10436562,4014391
390435,579149
47255,36470
14507098,5504164
4874163,4366492
5875204,16112483
3526,8526
208132,233508
8,22
13262,5132
40,2
140105,218062
260,32
2278,446
59630908,22576827
214293,172624
36331424,151867477
55,1
443228,440874
50,286
8580085,13466386
2373708,1971578
1025671,692754
80,12
8,1
2573950,2067797
5251052,1287819
250827,167020
74,239
483551,263562
434814,306800
3347114,1970378
314245,224291
20090540,20248157
6183410,1212659
28,387
12112143,12670688
1197632,1485416
2074627,2058387
384,142
27634,85281
1366101,1485986
339115,389926
373,527
11,1
1718986,2003444
289,237
7239806,8467123
3030633,1553182
52818772,229146989
277407,101180
9188843,233517476
35117980,12733912
31,1646
38535436,129283666
2953,110908
7750,21130
407956,408014
97,102
74,42
823788,1066791
18,2
700,39
352238,511578
2688920,3242072
655,3515
104,1264
1616835,1666152
16,1258
9613199,3011344
5956216,20710936
15472,21934
70,32
259102,96763
148967,152914
9627437,3215612
10966730,4332228
14634326,14273399
990225,831762
7010325,51843484
17,40
162218,186774
13372086,72912618
6793098,3835855
16,160
906,15283
2570,8724
354387,245441
22535,44013
4966696,1003207
566,4704
202234,6950
462050,74449
33,442
860610,2557023
11796302,10722529
1433862,646059
20148,14571
258,532
1232,4764
252200,117746
16801,30961
3762519,1789077
704,9632
10,91
31439,48290
7866578,2767702
337558,154417
11332,7381
368,4055
5545,12779
47,1
3653240,3197881
1625,158
26,70
2542,2405
15685972,20427076
45285,25623
5672870,9242279
4765760,2603873
1552448,373311
36,31
35,21
5024748,2200993
571769,906135
5515681,27650821
1535708,1049530
5983448,25538685
16330410,35511516
11,1
12637757,21047537
27856480,232265531
19976940,24625218
162,46
63,9
5049434,2481104
10299,8275
24391390,123368884
15057169,157517013
125151,122142
9768,1951
1979075,1409587
2257009,7112042
95369,88338
1716884,743247
208104,279058
970,5772
1152856,1456823
285,52
223,620
318614,194595
1200550,1395793
1881896,1663552
19481,25542
262057,142791
27,345
5690832,20500437
19227728,230873794
3073512,755808
5806,25314
203443,158278
5721,12765
907730,538680
67462376,20215288
158,128
228,49
3534654,3928493
109049,104527
1137534,861025
435352,26977
1573152,280073
2589251,2759896
51,703
2027428,2397667
18277650,211166869
2245808,450441
7777044,13270072
10102,6547
26,2
41,1
175,234
2388006,884200
3224828,1664669
32405,72723
167,1599
465691,196443
2461027,6925120
15771231,10401715
37,166
7038,33197
826,4020
291875,320012
2292014,2512886
4908808,3631497
1930936,1699205
3163,381
4412233,2582194
3574321,18548425
56712552,24130698
1918,1538
7421820,9702539
522,1137
30,4
4440359,2454716
1504975,1967169
36796,21717
543511,274998
505503,723527
4304782,4137557
149,77
108189,65345
121239,85983
2107651,1263720
595002,694333
8775191,10698299
4754891,736096
1183023,804826
13506326,19733345
5208504,13074696
1703499,824180
6278,594
4019304,3697132
17685156,19149123
286350,141342
207624,182269
27,60
35653,460962
7196823,5223320
1123051,3151997
9586357,7260994
1657,439
7176112,15548467
34780,40983
375,2522
1191690,1015885
2146599,3787503
26,81
30,27
331,5717
56679,490985
21062,23523
339576,157519
11156675,3496915
31,4
29,2
1249089,1061545
417995,263241
389538,144952
791,588
873953,538711
25,19
13039,7297
504840,398969
34,374
23,2
901125,597105
1563040,1766199
257,1217
225,128
4464256,3492339
250826,353292
15484134,18863723
289160,103476
9641588,23144982
4845183,8160859
995628,706355
7998,57041
1108,1001
2363697,2389670
78,286
220839,252311
97,630
1142754,458470
196,377
3024142,3311986
10018306,5058835
1306537,1360296
8093126,3976904
5402472,4594715
204623,201569
3440172,9812218
147,102
4965568,1684825
2715629,4840221
238,22
2035616,3821596
20008630,99160075
4378828,2434382
11342640,37223562
3998082,3697680
76342,87312
344926,179184
648,122
3043237,3943517
4021,34802
166620,197442
4003145,2148578
2273884,2215414
1457391,1378453
61,40
1577378,1533350
1587351,910736
26,4
762838,260997
254444,197320
220797,544546
13719,950
36190884,36182116
3666912,7363591
4206,5920
13984801,4949581
15,34
17661088,17115457
469934,620638
7519,94564
206260,158753
645551,617361
24583398,123153366
40641640,357772155
18,166
1983644,2162755
40849,38323
328350,149499
4614558,3521098
4414,17738
5140836,1621510
690145,958548
605996,614748
942446,950758
410544,178116
2873108,7334259
12812116,3911792
13734650,23507376
5070,21976
1316021,751073
572515,305711
2,2
124297,249533
917876,2751156
433414,455476
5981,146279
1019247,969637
2100,18
1145,1607
3088038,21204537
433352,455661
2116,2323
220,215
243,769
63036756,313203338
27910,81066
258,13
108,593
4089866,1809081
104,6
25910626,30096183
207487,103260
35477,36127
16055,15385
10,1
10654712,13778220
1522652,1162572
36144524,178415744
86,151
3359224,4919693
3612638,5241773
630654,420596
66,516
11326749,9851889
22334864,125500391
265,59
860985,905739
1285188,1022433
13899599,4491600
11857,13379
57143,40057
40,106
251011,154544
21206,45132
2996679,2927125
5282651,15905672
130204,221851
6164216,27379487
81,2
6297050,3771325
1715665,1483790
2290301,1284670
1464081,826317
2686660,9068632
1247082,1127998
69862,47004
462,2040
23378450,7312976
682692,829266
1413438,973853
856279,203343
624,956
170440,244917
309276,405080
23163492,209341947
1948772,1865836
66,295
10247357,2408807
175495,111503
5763391,1557328
9794934,17815848
21587,29657
2116320,2184930
447906,273980
54266,27967
1681427,906025
2447078,903963
2629862,1028401
1472353,2088777
3032211,3627829
1138482,1870044
3665004,4742249
8820996,15625263
10859367,3681903
37,2
2757,12029
3357822,2752156
242,54
30,29
355110,110339
491210,638480
16764807,5159047
3309811,1264522
6552182,8378335
52,122
41,30
11185931,12036168
845,1238
18942,18929
827159,563196
25829,46002
97413,100615
10723583,8062293
4460043,5413745
60985,178152
590611,389305
873021,495168
1436485,1293474
226562,182442
50,156
16148747,37026907
14244,39205
128411,17049
3262,6882
29038568,29690915
86,91
1924219,2438717
9742,2709
13183616,47470011
130,67
1760335,1079115
259851,265273
496070,293889
13276226,60888929
1352950,1311242
1535954,1252232
1474,1523
3348727,21429633
256735,346755
338761,204181
105,66
379,23
26046840,26635063
4519874,5526620
26802,22916
515458,284727
365526,353160
1715,65794
7847,37495
48311124,234143931
227265,336821
18,434
509,90
7512564,7474409
1243741,1228119
7933,25523
3773087,2897147
17366034,118627983
19,31
82,98
333,1286
266873,134317
779537,253978
965,790
57356660,32891494
101,28
4280359,2269296
23,237
189557,164365
2036371,2572352
2326436,2865113
1439536,919726
23,1391
77,445
4388339,6495893
2938646,1175391
448889,244178
17,5
11623233,6850439
13555878,12670688
428795,482248
976833,246671
2572538,2442078
74895,122443
10318534,19807678
52,203
543,869
493,505
1636136,2569238
31510066,33570660
369170,212412
73,124
2195625,2443262
1213,2048
50,2
12866017,4299407
37,561
20036200,24566721
18,2
1657,193
181,24
20445064,27018075
7252175,3874797
188441,344739
10954270,109997954
265281,317184
233272,87358
334659,294705
4112379,5829329
5872924,4529650
88128,42286
8521844,10441350
33,30
5500888,1787680
696287,809210
26389,64087
1149412,1568023
15074495,18830821
4515070,1704693
1926193,1822785
44,864
1200448,894683
1375698,1032585
126690,199199
206,273
10151,60001
18,280
23,105
3926032,2449385
8767956,6209077
32,23
2353725,3314396
5797,11819
47,2820
5676062,6236088
69966,505404
1094,1344
169508,129499
18403830,24285982
24615,19714
11817514,4883399
2300436,2850016
16488623,3134276
55,192
31,6
30985,7440
913942,914896
1139925,875700
87764,174909
3344390,15107791
11432,11047
29048928,30804615
7303732,22402270
1181457,1065306
1552856,1686837
35,2
455331,455634
4608515,3522279
19182,38150
2826049,6560138
1322250,1751188
4668165,5489474
4990,2432
5919228,6079841
1695966,1751725
1226176,1525294
1044545,776551
3368544,6836148
13587408,13102206
77,79
2275225,2291661
1698420,2566863
3064679,3041128
114,33
1087,685
7142,3119
539,752
2340255,766407
17904,44162
54,100
34192,108200
19219918,57495630
2484979,2029258
4130,23572
2866865,9104765
725818,272587
58750212,25953612
326425,202695
1418,7555
587964,213876
12254940,12670688
30341918,127469895
42,29
582607,324908
2713752,2717801
119580,302488
35,121
20431,19496
23855,33387
106242,131332
25,17
1931178,2580744
9990008,9229174
34,63
944470,500629
632,6973
1219808,1061613
4172453,13464654
1263602,1138915
190217,101278
7377875,12188906
2006646,2122367
666,1892
111589,96239
2101,3060
1548584,2806973
1673,9002
344712,507089
6227606,4658281
2460978,2303172
277844,110008
1179041,737291
3307072,2121146
15145,75234
29,1
3658896,4725976
566,227
714754,594929
25735,51375
71449,221904
1441150,656004
15148108,4084527
164450,23272
9653604,7800129
9225,30040
1470,4032
382112,539873
75,98
62,201
25335088,95157593
2271654,802984
4095,5061
73,192
8354140,14692654
911708,1939077
434645,454522
2224385,1723656
5537280,12512414
21013944,107194444
3568150,2915351
453,909
1281932,824694
917072,278664
2889028,2205355
206,1062
1207,462
16,245
638784,1246614
1110581,1241967
664922,1159207
26533932,61597149
21,7
581,12018
3407595,4914589
8930,2184
1907987,1844163
4092,8803
7313141,3894749
775964,660467
1948069,19249113
583879,786759
7616504,30526532
2367442,2058908
398138,251219
4490040,9445862
11692476,80092062
22972932,183490804
3617,27917
203385,313707
31403810,150617951
1708318,2501999
1808582,1274246
516,3843
5594302,5359286
4581918,32385043
29321526,30844764
42,1878
2312,20641
2046665,1735350
134684,130498
6887890,11354879
38,772
1809,308
3746,13261
2733151,1675097
4860302,7103427
1963,13582
42662,36983
1416691,1370630
254432,197684
170,294
78043,156876
103,7
1985,1207
8137162,30295684
3034375,5157653
395020,218616
2546907,3972373
272192,383770
3335302,6962778
80334,49466
775902,675053
274,1986
1995,157
552232,711975
223770,214117
1385590,911328
92,2905
16721852,16171946
28168880,28494929
13053680,24192514
14,193
4253,9845
319433,284402
4597480,7427233
924882,562741
12760683,13272857
25,39
757192,851242
183541,692200
71736,90768
232,90
3193,1070
157652,184193
347979,234414
7577,118255
21,39
94872,167982
301804,150085
388246,466926
646635,26207
29973038,29447348
30,148
39496,65087
159,1286
1468179,706404
259,132
548894,1437039
2778966,4456708
4411,27620
112544,64674
6475723,5482738
8529608,9358374
18160,38667
10005874,31278533
4007779,3474564
2115860,1234719
23,4
11365053,32172330
1852486,452271
7160328,76521120
4221806,3352974
1659872,537661
390281,696244
2475772,10934723
32015,42638
11506063,6989856
37850,30117
619465,263625
173,457
8688306,6886387
14,65
30,2
628020,672939
1033928,1429985
1323,582
602631,327572
1368248,1510777
4210917,2961356
56820,91293
22625,47507
873,4565
18056922,7847419
66,260
376,923
1257732,1083160
9943965,25738007
982566,764239
348,8
124944,84190
251003,126500
2255995,2833992
17661796,124888658
167719,337372
1966834,870812
1442009,368988
2765305,1245303
7240758,3832177
4867980,5971544
15710,36089
14249289,4774075
2553181,1901317
2817618,2651872
2788121,2590363
829132,487301
421803,304780
15138172,15622776
4809275,975999
538,1849
821,714
812558,634440
36,353
87,178
27824410,28309561
3447558,2490953
71596,57605
140577,163162
10409722,8078409
33,69
447156,238072
8577900,14989341
724956,760286
22168790,27595063
373058,382937
21917956,140394913
3311847,2965944
260918,410873
89,514
622703,868655
42551396,29251877
17276434,85531548
1099340,631654
34,1
37,465
1407889,405134
3461042,1832689
210,191
43642,75270
69030192,32334029
701479,255850
7095282,5273639
48,24
10,12
901323,1462951
590081,627390
9119284,19331237
11081028,14953880
25146,9685
5250400,12901308
2274576,14606001
2227678,427851
19471,22515
1222846,469589
1302332,1530348
47543,18087
16592292,148704378
2674354,1008131
378172,426377
141859,185406
23477,25360
314602,299430
1000390,624865
292216,193456
34568248,11778970
3649709,3240229
486119,289583
8884331,18590534
6545543,1457490
1441906,579993
28747,67755
2748308,1879357
578,250
161635,100359
19752186,21476462
630004,589798
151473,130700
40,116
347524,366430
17,20
6678297,7993626
82,76
236590,106230
9624886,3785490
1100899,4830689
364,3852
23344096,33004718
34380712,34983350
356913,274387
60,260
287277,137665
21575928,169323515
27783,68317
423,6
2635388,13421216
156387,169167
349,317
4251020,4225570
23761830,5776641
12235042,5902323
3790174,3993953
451350,299349
51415,29932
1277504,706355
51938440,197655154
12812875,101685095
158,230
44,246
5420,12327
27,2
12908,13148
3167900,3114715
602744,890676
92684,180923
639535,835488
1036073,230743
44985,71138
258445,371661
32364,108624
274,208
3914737,4342301
11926522,12670688
8908477,4455061
58039,35459
136762,148494
337,38
4523401,7146129
14361,6584
16657740,62990352
4656054,1952144
1231946,206587
357354,218974
1557352,4131893
3138951,2740995
586233,376026
57,8
16,3
3896788,3523328
2964299,2209262
485,203
53,23
1136152,1140327
34,11
78155088,26798924
790886,513284
17087,67142
754294,1631604
39,37
3208836,1797897
2948648,3195488
52,70
25964,36774
296957,204771
344351,356359
250,580
755,506
2081736,1139862
265994,312349
5985924,11655750
15431476,7286993
9430,59769
13490003,77598020
470683,637796
624,49
838845,513282
1475868,754308
160133,440180
1402631,1349045
2053,2240
82,148
119,325
54424,61668
866386,581509
645511,512202
6518,5502
1505,3888
3359779,3770262
3798903,4220379
6937003,7337358
285676,183352
894437,795884
2219038,4982266
2869,873
27849,36140
1976079,736983
36317428,203578815
524,6809
43,11889
47637,28996
519393,426142
211478,340871
1348,4491
13662799,13215406
1999,1814
3534927,2907802
11080267,3477390
8183201,24058339
15307037,21399133
13944,16431
45678,88632
4994,2276
130,270
187513,129298
5195872,2260728
387577,428945
10494249,33191299
37,1039
23,13
77,174
18819,23184
1079336,1133559
20660392,35753085
8544,20233
510769,314429
1115332,977143
7027,3069
9366022,11552234
24326,5832
2901738,2876300
1862529,1717654
484,155
19217828,96662936
22181944,14132871
45868,78892
5488,3565
499544,252922
465,613
4615539,3520875
174228,492330
25,16
4701001,6444458
27498,19988
36638380,57926058
15863,43734
2909708,1285877
9196015,5684839
11960397,7480894
22,5
176011,91923
140,1325
1842405,2056564
5172986,2214440
3337323,2146275
443,1425
35,3
4496194,1070004
14496,54358
2788895,4155104
44,68
3511176,773674
2337289,23931879
24478402,12817356
2171111,715973
1154765,1095537
124972,107065
4525062,2624056
335,6907
14742,33938
908,276
8389909,4006970
34883252,89371025
24,304
3127,75703
4686618,3546103
37565,14841
76,22
151,1133
21073,12513
509267,959206
21056,22645
32911974,33357042
4566432,3556278
5,28
1290,41218
13892575,18421274
13836329,8400386
8977440,4350874
4739878,39147744
879955,3556772
1206274,1068192
1013041,1524289
57,61
232804,200375
34,7
17,6
26,70
240,56
3251181,5677299
946843,968365
10021612,33504202
8753660,26428454
683917,210693
26266802,18582774
680308,613412
2570145,4665625
911254,991065
35020,23920
466030,404973
173117,165885
270782,265720
1606714,2921592
28202,12599
156,166
11,27
140981,139011
33952,72027
471222,466814
1419136,1102723
8948480,4194715
173752,227154
68,13
1007800,1133097
3814360,23900796
108,922
3375139,1880278
4477952,17540885
31506764,37163804
8013850,11002255
1008,41
473,803
20229352,25917809
143140,53439
8061,29857
27783,37761
1097,2319
6201564,47493236
143,349
3473445,4141648
16451399,4697311
2419847,645461
331479,286745
85952,141096
65274,32592
2202370,7209513
1060881,4102777
41,187
18051722,18814984
33,905
13938,62558
593155,235890
44,112
6152,10499
1263169,1080314
62,40
16860880,44225118
1420361,567061
30703852,33132092
1526986,1148612
12,279
22,6
555650,440237
3560875,856632
1071909,964948
1663436,8057780
18,1
25487,13954
8101,23857
626126,367780
21,9
8866793,4208825
4421850,2517499
90,132
4027830,5347617
476173,646364
10936505,17472801
753493,1466736
21929,9391
391,10592
127862,170354
2121058,1684318
1819,4536
3459135,1403923
308,95
879863,890676
178,12
3311159,480383
5125738,5441062
266755,221322
208951,453746
7344564,2246327
475,27
541,8627
2707,1155
3933186,5454222
344027,1355150
4527860,3009431
523,229
2320423,5213346
128895,191283
2282327,2128882
57196176,298904262
106370,86217
1507920,848756
303223,3306547
18039296,109827984
2257517,314761
263756,243161
347,22
3049728,2795378
5077654,2626961
315295,123220
6513232,1496538
6647885,2559703
5096930,7252396
8835754,12670688
69786512,32614206
6927000,22901284
32,125
14258,29173
2510004,6631699
325315,440596
1689103,2476862
4342416,1841514
462,1350
28,373
3463264,10411010
179432,134361
1646867,1577142
6086982,9201261
2840318,2553391
732,28
163297,161634
4122199,12633648
27100188,102610978
395476,496586
2413788,1315627
39550,53935
988,6412
22758750,142632403
3643574,18542875
9684569,4710859
22,1
11,14
155019,141014
16677674,35576913
5958,32326
309,20
246255,187477
3,1
7796068,4974879
6294348,4008037
937187,765105
22192780,55514383
29544338,27607955
53,6
2006,3275
4768201,17164157
14653122,13555184
6996,54763
9272366,6333531
198,46
157816,159913
17013,13662
180,1073
38,65
1703792,1275210
13917586,13141590
1908,1548
320,193
635,1799
530,4747
2261348,3227923
93552,106939
25601384,57873844
168429,41269
9452,632
21,3
15649096,15858059
1829941,1800972
2511379,1747236
517,1017
1878390,626775
5842272,3093512
1511,10771
1052266,725315
6328990,23684263
202863,33203
5991310,10678683
50515,52166
37253700,125546073
11,1
27689,30020
6182242,1422065
331588,319220
403404,3134565
26719,185222
2565453,2439190
149,6178
10528,34034
3874,86920
39,80
2574779,1481671
2305083,4596147
9853133,5274900
21,1
5253370,11677412
12719325,76829516
528629,451359
204919,481190
681357,729828
926447,540416
1241,2217
2179528,1478437
1308248,416730
16450361,93378056
8286108,11972882
1109470,283161
7,16
3137128,2818289
1627078,1659899
1322137,1136394
19161498,18841902
21772,34740
37396300,142804015
2993175,2637449
375278,424419
687,700
32234428,18921201
44,165
708058,838903
14,160
92,492
4640551,1276334
3256518,17555966
39641,9306
280712,378985
163186,133677
644482,1032553
97014,271896
252,7
12878955,46358618
2549210,1173231
857,1487
31,5
734369,853271
1839619,1861076
1521342,2974409
172,33
11896057,26445592
83,105
22192,51936
838080,448902
540710,169457
754,2572
24,25
7544104,34507765
2315922,3084520
2018902,1412908
2195623,2443120
332,169
10,5
411677,666601
372401,529044
31826332,32894838
233,73
347327,281551
26,2
2211,9946
7,6
175649,206884
11847169,15390968
476619,355007
26,30
1034650,826337
114817,139004
26,54
20,5
719,9
1332667,856871
1048161,1049002
7574,504867
462225,447190
459865,334161
27,246
100013,84567
35759,207836
14123118,4582748
21,14
2335680,3902663
1751405,480316
34474288,209733506
61,1125
9,108
23,85
2284372,1158588
23810,17397
1250852,667562
452,4933
331020,377510
3670660,2433637
494252,397756
391428,593926
838623,776877
1077269,899606
92,610
13115597,152000095
450201,1996151
10955566,3557259
160804,128718
314873,76340
2943711,662748
24355130,84731145
3674905,2133735
1666666,1240286
406718,534227
49105900,94920580
6077156,10016244
38453492,35426350
1231069,677541
120,330
2889,9749
250458,224904
306974,115593
15409919,4459752
346,3868
441035,1647418
29096392,30412601
30,1
601,221
45,260
12686374,19524378
9373563,11500144
3494787,3793414
13,19
5510360,50863139
382742,919259
1917370,1813580
14547,13255
1583935,768663
5822348,18220542
4184172,12467749
94,5688
27208124,29080426
32,19
657,8393
5239,22876
1299904,1193170
22464790,110494657
820016,947534
61,1446
297462,79754
6835,9733
36,31
1101335,877154
6993270,12463027
89293,39587
13369051,12670688
53838,21345
6876340,20868520
213,635
634726,756656
195,37
3177203,977911
146952,353326
567930,487854
11626117,7073920
23109876,22910089
636513,714093
4745306,4840920
1075542,343816
7587,1873
9,2
1632888,737879
6486360,3205151
37127,24500
73,6
9543,36060
80,350
14648,3144
5810534,2287668
11,4
325,610
27088,10534
3685149,4660042
10094993,12332811
143734,289861
1926208,30132403
4654420,11855025
48,102
32530,13658
17,1
36,10
12685406,4204012
1143512,1220136
731218,229269
353918,223678
3124731,4168498
263977,447516
22,14
1310,68225
2340442,5955482
10952891,14543460
699,1381
3069368,3455739
1870707,7439807
239158,22923
633493,597627
33988,56981
144444,432321
2450939,2317023
160128,97576
2342012,1848829
422173,425568
8624,11162
954066,2897862
16,32
19,9
108,1
3149130,3391838
1117414,701474
26361,137115
42,6
13363391,3993612
109,5
3955481,3305397
3854964,9369020
238690,301491
2942502,2350927
60,5362
3832581,3274373
228,8342
5012238,12378355
61250,167360
1470438,1724615
164,538
582905,347213
22,2
364,26023
5231,7092
11,31
234449,225632
21,41
322,1287
1016734,950694
528311,345572
126648,62892
18,3
770,8685
12671936,20122661
9385,39114
214,48
597,657
8611449,19273089
239727,104236
2271,5697
2044,6626
49,2
601542,592024
12,143
41,9
3220424,4737678
2818110,2650231
3546103,3403022
1837273,1274246
693402,487278
5446698,1527068
20080772,45200582
309972,298798
173,1051
307,221
3487,11523
24,10
359024,640693
27814,6323
30,7
68587,88290
6117115,3102069
11669,82939
412620,488102
46293176,19177847
14774331,21110285
10481,153
1828568,1166037
8167872,67765592
19,6
145362,260794
73906896,29863915
2968483,2990111
29,30
22675470,158114582
38868500,63900629
917591,1361887
37,8
389,695
484424,519008
1539079,446436
1485358,1160088
51,514
49,2342
61502,30086
2361268,1876865
344517,299235
26,1
2919990,6485719
75107,99705
4153583,6190465
404028,275248
507568,305766
448,430
133007,70640
39416,120910
8267858,5912738
8876421,4208328
60322,39425
13960096,4637194
5152832,8718956
73,3
7229278,4483330
31609992,12359600
284,20
186800,245057
1416275,804424
143860,69391
374064,461861
30763056,9192653
2330429,1490229
239154,120417
600,2304
469,3
665301,718296
2883610,1734348
6486738,2353753
333556,89748
5504036,3713124
13674946,25739143
1283449,1107102
4842878,5993773
121,2020
1610008,3379185
644435,463868
58271,43819
4145063,7595932
233,379
319701,198280
539774,32394
1402050,1239196
235948,250221
112,10
35,515
1168205,1501964
1289089,1874100
10331905,3253451
481754,454035
1190319,1582119
21745938,79930589
8365492,9051323
33847752,12079771
731954,443000
4327,8526
9055689,72644813
9543,29989
22,543
345,76
1500494,546477
189469,151385
23,24
67289,47114
8671932,9114086
48725,54142
13426,3951
114096,130357
24,7
200915,115135
593870,742300
7529824,9417380
629631,212142
1443330,2503305
2883091,833498
1067188,1138831
150,54
12472240,27920406
19,34
266,730
44990828,53178431
25590154,95236636
39505,47990
34149,33195
2812814,1274246
196,19663
1982434,1354335
910,1113
1258608,362336
6489744,14473925
1546649,1347819
1992212,543012
123891,84942
5057314,2471348
6,1
9817,4790
91,48
1125232,6594815
636348,441804
23432,126393
5626,38508
119,172
12511339,10390579
141,107
135,180
972080,399972
1766730,879841
114,29
1002435,1006019
7296707,3918638
947211,941554
1960329,2267649
387545,362662
306,319
735,480
49935,52527
535476,502550
69,69
16445940,4166207
66,63
15330032,47602591
1373910,1362566
6221,2309
13284938,96114712
1241885,1084665
47,17
9,14
13498085,7159945
145,61
1997870,8104449
14538537,9778260
160251,57348
100,9
276477,1109914
791443,766296
1903158,705399
450533,423209
25951678,29332677
617336,499827
21,36
16082,58388
8387925,36472625
20211148,12084978
2596734,1930075
34819972,132311278
3258245,6147820
288118,526409
778266,459978
38,9
1572318,2216272
32,219
277681,160714
4787306,2423093
9179665,8546221
813367,573936
1105513,3671786
680144,708754
352338,426884
195463,56835
3545,42064
1278,4142
17696732,77925803
19211,8244
381,141
63379988,22374461
1292590,1068085
1984649,1170959
18012274,19221295
93,199
21113702,64170926
24259114,10152905
7068664,13625959
2152482,6137571
31783746,124272958
3077005,2596371
1506042,2604582
1269043,1198535
44,101
5327166,2414405
1216,8
465775,368451
240311,400062
8282868,2725549
7353,34165
388,25
629818,2771974
1502394,2851872
11842380,7924627
31319586,39863872
13811280,40040288
13605302,17501949
558,406
4234,57
2201781,3372159
2688,11841
641957,561269
75,7
1030182,1677740
230,423
8467840,14880356
324,145
75,207
299446,328236
19133924,4430555
308,47
442835,394174
4943847,2761205
1564512,484971
1011672,1106364
25,114
3585017,3750033
63253,13059
61,3
64621,119727
24521,6909
98053,167814
1322367,1063450
67866456,20886545
63,22
22827526,32180646
10,1
86362,84988
7192150,3843492
4809628,5688802
13607,6127
3035380,2841491
108,788
1953362,1811909
14164313,49984281
20512440,60339702
1947737,1274246
199899,825421
1838277,2602411
771552,1297979
6555782,1447244
27206306,188735246
167,59
5926424,3379866
25679,33962
532042,341501
623047,277438
51360,85543
32,591
542683,353562
69859,85012
472940,315001
33241,3593
61109,76882
4415,4461
838590,565439
1908631,6172904
777438,1207478
26533126,9168317
73,225
1606824,1027110
499389,525070
651150,273949
9389364,21368329
18599010,159473292
322203,142054
4750572,4008037
50,12
34287,208334
1038290,1324212
585,12645
292533,824468
2356692,2312463
601976,287440
50331724,14709511
69,3
13461422,65692339
15236488,89898894
2101051,2933652
2057281,974641
80731,37544
5767,2296
2487412,8118366
1860441,1995417
164323,120891
11051964,29283976
32,1
5141460,3463106
8101126,39453245
16857924,44634620
48962,97028
12928,76303
17276766,44570858
994,18716
928,40684
343748,558041
977661,367435
43299,51315
4727202,1893495
3742614,6304499
3039713,6003576
2024009,1400364
21,113
10300188,13900534
127916,198114
986640,600339
840809,326794
9154679,32681953
21775,28598
11264829,3187691
351085,101142
22352466,83183915
3,1
33,172
24239596,147122845
20143876,68398875
32855,24543
534018,345193
633336,701432
12095290,7695340
13235897,32615564
12120070,28418725
21392,73141
4651438,3089586
2364330,1243355
1450780,2109092
10243762,10196535
725717,441439
24290692,59165385
706319,625581
174203,107827
8585970,9922924
1653,1564
14206,8495
29775,62721
2638904,864903
203688,719676
1462392,1341924
10939613,4792092
3655983,2438779
672442,269384
29,8
161029,245576
4087082,2301172
51924,34676
21,28
6513995,6347403
203,5526
3588704,3411496
9242632,2355883
63,358
6934621,4117801
17,12
115931,119284
234,130
54445,39057
940,198
2403898,1009641
10497291,3107616
1449322,1409242
21705,15495
61,88
9787464,31963525
120,169
29386358,87174852
1929281,573814
402,63
529423,713253
23,92
8958163,3973318
1163,4648
1796,638
839989,516374
1652440,2812822
58248,161867
1431108,2316228
1714169,1552279
564263,497524
35239,35122
53,707
6434182,6019224
1296816,1356575
1072023,1131076
46,6
1609465,2515032
156,1500
34741888,331809997
279644,128793
60,500
1555557,1136443
12686761,59270902
1462083,1894483
76,687
1449,754
247834,297781
35,155
250,143
85,559
50378208,34561489
1035735,458532
3342738,1712565
2297292,3611227
12,17
996317,836519
1668450,623586
63535,36192
104,38
30741,12524
61,391
745599,838321
1164,1192
2691168,2695108
4894,5565
649042,360878
1035,440
4662381,3339335
1020,24
4297489,5107743
1942009,1918641
8289894,10039501
1994,867
3270352,1724367
1119284,783630
1363840,1183287
12243189,7077066
17738534,23394732
6287,5512
203,87
751327,536096
47,1
721,905
7318129,1350382
7378875,3904581
7183239,5665372
1591914,2200368
13139384,10653088
18024,65286
365598,1123999
285,513
477205,602320
3364239,5209011
844,75
1157912,944967
2800721,2858028
5322992,1621697
5131525,4235213
515059,296348
20943,89977
14,14
1868442,2069517
53970,18060
1050284,1269404
8504817,14633839
2160454,1750129
351,1704
1356798,4684433
22361336,13547589
3381267,2485255
279,127
156295,133248
1234692,1350178
496,2742
201,12
494017,420058
6797978,5131636
2105,7920
14553,5957
605,1473
18809,40027
60960,56880
610338,1064313
1443358,1330601
300,1847
3200156,6498655
329864,314123
64407,42690
2907635,1758272
25,33
1362879,1214775
56,22
1531674,1160018
10619,3321
4837311,4354840
2073250,1499753
4550334,7056637
3943,109697
1166241,998537
997452,316568
79990,130068
5901512,6732405
53,43
9130945,11269436
281478,138010
2749095,1947444
531100,625426
632288,671278
4045662,6238510
9133227,4408120
1521119,1390901
476,107
2237756,2127470
1338,5866
25,9
88019,266407
10219505,18280108
9439444,12597432
234567,246006
8221100,1781253
6829890,7659424
2392,1862
3041218,4716594
119447,116375
374622,392897
15701777,11914691
4927438,4359715
975,315
594902,628215
9364468,4636597
78652,72754
40430,16071
125969,130461
170595,501677
11020,18454
3490960,2739335
72492,73209
152,255
5611341,21572598
1080325,484138
69478,37231
18665964,42402654
112435,164294
49062556,42901949
7703074,30027626
3617341,9446842
249257,220667
2212417,1025670
592,648
4233324,4444895
16,1
12012,36156
11,1
6202670,3491355
4490246,5635566
41,112
4301208,8424544
15389327,35200074
15479,11504
20206,94252
1986514,995431
7827,48584
124951,146677
452768,792297
350684,359141
3684980,1471397
10923517,13161664
148103,1493231
922424,715217
625,3340
8745150,11438565
151,403
403,1509
89,106
835779,763832
2912045,930468
1226373,1318085
456572,414768
1566716,1015658
2024876,2291438
8477634,4323131
104527,31155
515643,244102
4935,4896
3121163,1163974
77182,141039
321,211
894163,535461
8411668,29965580
1716127,1538000
1407233,704352
60,367
3246744,3593328
2224,9984
257531,199105
166325,125664
23546354,24130698
7694557,19390648
8198276,11623318
315,1
8,109
30342,119727
1976450,58654767
318,1614
620928,346834
748209,1920505
399,233
1691938,1556524
2081510,1993327
870174,667951
650900,658940
1249,1509
6754641,9917346
8171058,17079334
785208,226782
1397786,815464
5487574,45166678
580,11579
630170,711586
27934692,52389960
231520,193982
253971,372643
105984,438439
31399914,21499892
14035600,13864192
15126022,17905810
1339793,5394228
196,2676
445,2587
2426,642
8532969,10659825
28735316,17324491
267,1
45,1
197,55
55,370
473414,356274
434077,162551
14151000,134080846
2044971,954151
48,2245
1050906,1343588
318,28
24908360,12041232
4630340,1896804
4065530,24556705
2348134,2861254
46,231
2918403,2227670
5273212,3650730
14311718,13580540
90316,57139
2247198,732028
27759,239081
14489262,51661887
16934622,22847198
19349,51701
486,7605
2617859,2553609
3658027,7498043
75502408,28166197
9507856,2512383
52290,46747
36,1
4,3
5241,6038
4027177,3326189
4750,7599
1563141,1762321
11041892,24852346
158,277
38,316
5363400,6421310
3179716,3561543
1262645,1113656
2501,3688
7315931,3324598
3280692,3324404
3611178,4676700
4211672,3361221
1905,1548
667347,391591
57082,63273
575,649
219,12
190,435
2274663,1523018
4804970,8313579
24998,61665
18739,10680
7271540,16533757
515811,322388
3095147,13242600
687,18
1236918,605090
4811822,1655286
860372,1029487
12641856,29400656
42,7
3182947,3111787
12881462,15965735
36,9
18562540,3829546
1573674,1639918
386492,486036
66,238
351,3171
923586,527068
33,21
10608539,10384916
751,220
30118,49610
14179583,4269783
274,179
1081811,734695
790306,400165
4548582,8248870
39161,29247
9431940,2651872
1374,3382
8863174,4732767
6,1
16,118
1916447,2546676
2877750,2264746
4213,2608
1313,17460
142368,309187
54780,47800
6,11
20,1
5100981,3774304
20,3
746680,481172
18070844,6402167
1883513,1662011
4423322,1380742
5403382,2369736
300,216
38407,22264
711587,636738
1377600,4019820
2656170,2425085
11355260,3907557
14656757,7912656
674938,807477
4368800,1584686
1998796,2400263
1296102,1264091
23358126,130473932
140,293
294376,163032
21773038,24130698
19328330,13292008
12577640,19960933
28452,44674
339847,360763
10330,82589
2590152,3759304
1255,14899
7571631,1893725
875764,646438
3017082,3295126
14791,31307
2110556,907273
8189986,23406476
8398282,4326365
1120806,1561013
5363686,1223851
263327,916046
19695192,18658174
27,2
7839968,4474949
1616401,1553926
172912,163530
10992887,3338728
95053,125182
1919855,2083778
47494864,185990843
114,144
52,23
44,8
1071146,821109
1752,1093
12962,22239
4069666,9090766
2412667,2268028
265080,35286
5473092,6573800
528841,362939
1576134,2370616
350044,440628
19607,108854
38136,20045
4495371,10226660
1278336,1050870
15886622,51668834
15789382,170616734
12570,7057
8149820,9288953
7134154,11577086
2457,3140
318872,91252
14837477,22560989
105,3
5404888,23842427
1170050,3788302
327,4519
23,58
917,1973
36802760,95271374
71,6
1403,161079
185,5882
5558830,4443602
3152661,1421851
193901,482847
3331913,3120776
444735,470090
5806572,2886164
948,2203
120528,300269
7813948,15290884
18,131
882,8286
46,17
481446,321741
310,865
538209,294365
24581,47515
2272790,596702
323542,503555
9369559,2861343
3642796,2395887
1656,100018
53,723
13678677,88961079
14728,6834
28469,6603
117044,73440
199,6
14917440,15118747
3144188,4488624
4245574,983305
855,1503
11677877,72639411
747147,934835
1928,1579
1225664,463527
152,63
16066868,15247603
397846,351495
33542930,15328873
4187873,14002907
189767,161204
583,292
4984514,26443187
92688,41748
103,183
148526,176011
326506,552843
330,643
85,2
1066618,233763
94890,23710
228751,77774
326492,227780
4116326,2547957
29197518,12191414
1198978,913140
32974,84488
9778992,4014657
113,145
850460,344733
3400602,1996554
111176,31926
8761795,4279819
407618,62283
3748501,6515584
5932316,10641958
344155,240993
548961,735772
15145017,77758873
198217,188190
36,17
668995,280023
2775943,2037748
569329,2474856
2169898,1131619
74427,47602
17921,53244
180900,221388
6660,13046
9465135,10854432
101795,69108
2129782,1178622
13,550
84711,74010
9441,225617
3822149,858224
296,152
37,1799
10316,2748
244344,290762
2433408,594597
3568388,6846608
1168328,666995
30661538,32801632
36,6
7667615,24034840
408,13
5708792,43629486
1202049,951227
405,96
26,6
257403,97144
2067631,1124006
340370,340614
682501,609189
51664,74197
41159004,12670688
876,1765
9044435,4190211
48903912,19456842
84872,433920
252787,122028
17773246,29243147
2750624,2456303
4373578,1786315
2177818,2232866
5286,14381
62,323
543692,554044
688319,528099
865459,678127
614344,914917
120,139
188432,43973
14695273,22469434
6834562,19053871
60842,59876
1488787,1201016
13152497,3679220
443197,470098
2119477,958069
1001206,1300642
1328932,991845
10979,18897
386775,410089
739450,1788242
3128306,6824561
2074038,2187137
118,3
1109,13034
181,13
876111,923420
1167,3217
82043,103141
221362,360853
85215,381558
1551884,1695377
15,2
457,63
26955,12631
23,21
2429,15265
5940,13630
46,44
12243048,18936854
451,338
113358,129917
3533,11137
7493832,54898064
39881720,14667080
1819,7295
104,200
32,15
1785335,1574946
92863,95177
36,149
14575,27888
900822,514511
21606980,4496897
12326,32183
182363,122886
4818875,9978586
37,31
1157494,1784078
1700573,2445087
2948420,1804166
1009461,738549
5783334,11145089
45532,20199
16476646,3031615
201,1352
61,7
2035814,3453099
18,1
731,584
20810682,94634840
1531959,846821
10285,9049
338472,255951
488605,186983
2738184,2480924
2704784,682787
1520595,995464
35858,35056
382362,197552
1798,4741
16038,20515
5064,3449
858217,1270714
7396326,20748721
18836202,33319824
18611002,16408203
11,2
357,51
414201,185585
216,116
11549,11303
387396,283484
26187166,24529794
4963,229
2838785,11557568
3506689,4436225
1247953,873763
20057384,20839943
933236,790981
10482546,3201351
17854146,7271271
35,73
2886359,7774061
5389986,5975943
3792872,2285920
62,46
2081684,1940808
62810,398825
1406390,456844
3447,9232
27074458,30215955
440888,960853
586,3592
3650798,3233674
2009657,2561482
1974805,1893172
8787787,7450666
1537,21202
315656,444772
286,11120
1156052,1085803
1481,4012
5627290,16658691
6361200,5581242
59,5
53,11
361,78
111373,222560
17,305
3507401,4457056
77697160,26571197
162512,151216
1212,3041
5597,1999
2007796,2237660
113,6
456865,414040
7225672,12031325
387,364
3403434,3911486
7063563,1598610
1065406,873558
2875775,1885835
34,160
32931,49303
970313,966070
25018110,22118347
648682,476728
312264,66888
14964548,16221658
4207124,3374414
52,167
3972360,12968815
5092100,2027527
9178089,4430342
9179227,4406514
3921011,1128638
503110,184137
3338934,7564405
23007,37802
527,328
279,189
3208841,3234527
8616,82163
20354830,126577621
435,397
261642,336510
15707080,23794735
199,3
87,3
216239,245256
1810692,1274246
257958,263346
17,2
1263487,2071677
6361522,5059932
518105,259579
550788,423108
33,9
653,91
956,3082
2810,2274
36,57
158707,123709
4862732,2023764
12292726,75212132
178065,79634
179382,51300
9298844,4427734
11151613,18470226
12974001,14207695
48933,49996
17,1
97433,2785
3712374,1871047
2523941,1214780
181170,200233
3341151,2577641
3306397,2500822
4388690,2190499
451,3444
18,22
42,3
867838,496412
18504178,10802293
30105,12348
2801402,2856797
5088290,6066347
2102384,2464294
23259518,28148624
11895897,38608324
35,2
211,28
74432,117824
8937427,4123013
3806,11384
10083197,16354356
19957478,24692949
2586496,4129147
768846,863307
1445856,3431410
1408789,1648992
43031628,146507839
2388788,4791400
12607712,3891082
2982105,1010423
357231,125981
18,392
524,1083
49500,54150
47554416,208470189
437820,248035
8835307,6112184
21788826,188061986
13751636,23138462
5002878,2105622
109,414
8845501,16892742
391,283
2075771,3789147
2461757,4144209
50,54
25997256,196822119
1636,273
141865,80563
567201,947467
63936,37662
555,2976
4723602,2417968
56040928,211241006
13725904,29042893
32,12
198334,61349
38,1682
2160,2144
444106,119163
492755,403001
3479857,3638385
9797325,7513868
609356,268326
8472429,8946570
5831162,10282670
1085037,368332
10066248,16204139
7295628,3865640
20,5
25426098,8239032
2633484,1243593
41813,14583
10217575,62707942
228,442
26229706,28955192
10,4
1746103,496307
98959,17682
298,570
610082,499966
224096,167195
45272,61172
1514136,1777529
47945,185225
519003,146708
20600,12481
990203,1274246
15553129,20579284
89910,107804
6387145,935014
133006,65687
8866582,4221685
111,32
36,16
2469742,2389476
20,1
4992744,2197708
928700,1381693
186,388
1896713,658924
26172734,95071090
3504098,1640286
26040432,25291056
49,13
500980,619926
4900,9466
118,3
68,34
65609,40292
3534266,2107968
30817498,11231877
43127,37295
8851813,3447985
33,22
57,160
28718384,27786331
15013,53630
9407415,4391331
194,1211
3259380,3149821
1679854,1597791
28689,41443
11408055,27321443
8814377,4046459
12108008,5563923
341299,568618
245003,225735
8754361,3893394
245065,441681
22048946,12818510
313,10
7251546,6120001
24,73
2949942,3574769
13567390,59928559
3366781,8776954
13403418,127781099
916816,977079
275442,201396
542282,132382
54072,5496
2392510,8389919
49744,12897
1694,17622
8696,79439
1165871,353845
40,143
11658870,23290256
10,522
3298238,6606420
392,1059
4,15
14,236
3782772,3765028
166136,142841
510,44
2092,2782
1227,1813
25,176
648,11105
3645597,3205060
